"","H00140.SH","N00140.SH","N11077.SH"
"2012-01-04",122.681,NA,110.867
"2012-01-05",122.457,NA,110.878
"2012-01-06",122.768,NA,110.888
"2012-01-09",122.802,NA,110.921
"2012-01-10",122.781,NA,110.932
"2012-01-11",122.812,NA,110.942
"2012-01-12",122.888,NA,110.953
"2012-01-13",122.852,NA,110.964
"2012-01-16",122.738,NA,110.996
"2012-01-17",122.788,NA,111.007
"2012-01-18",122.768,NA,111.018
"2012-01-19",122.843,NA,111.029
"2012-01-20",122.935,NA,111.038
"2012-01-30",123.017,NA,111.141
"2012-01-31",123,NA,111.152
"2012-02-01",122.65,NA,111.163
"2012-02-02",122.647,NA,111.174
"2012-02-03",122.686,NA,111.184
"2012-02-06",122.481,NA,111.214
"2012-02-07",122.543,NA,111.225
"2012-02-08",122.452,NA,111.236
"2012-02-09",122.282,NA,111.246
"2012-02-10",122.359,NA,111.257
"2012-02-13",122.626,NA,111.29
"2012-02-14",122.586,NA,111.301
"2012-02-15",122.395,NA,111.311
"2012-02-16",122.37,NA,111.322
"2012-02-17",122.346,NA,111.333
"2012-02-20",122.511,NA,111.362
"2012-02-21",122.517,NA,111.373
"2012-02-22",122.468,NA,111.383
"2012-02-23",122.487,NA,111.394
"2012-02-24",122.504,NA,111.405
"2012-02-27",122.406,NA,111.438
"2012-02-28",122.43,NA,111.449
"2012-02-29",122.497,NA,111.459
"2012-03-01",122.466,NA,111.47
"2012-03-02",122.374,NA,111.481
"2012-03-05",122.399,NA,111.514
"2012-03-06",122.41,NA,111.525
"2012-03-07",122.511,NA,111.535
"2012-03-08",122.528,NA,111.546
"2012-03-09",122.551,NA,111.557
"2012-03-12",122.808,NA,111.59
"2012-03-13",122.794,NA,111.601
"2012-03-14",122.731,NA,111.611
"2012-03-15",122.639,NA,111.622
"2012-03-16",122.695,NA,111.633
"2012-03-19",122.743,NA,111.662
"2012-03-20",122.732,NA,111.673
"2012-03-21",122.721,NA,111.684
"2012-03-22",122.76,NA,111.695
"2012-03-23",122.928,NA,111.706
"2012-03-26",122.945,NA,111.737
"2012-03-27",122.936,NA,111.748
"2012-03-28",123.103,NA,111.759
"2012-03-29",123.134,NA,111.77
"2012-03-30",123.246,NA,111.781
"2012-04-05",123.206,NA,111.846
"2012-04-06",123.26,NA,111.857
"2012-04-09",123.293,NA,111.89
"2012-04-10",123.314,NA,111.9
"2012-04-11",123.359,NA,111.911
"2012-04-12",123.356,NA,111.922
"2012-04-13",123.339,NA,111.933
"2012-04-16",123.368,NA,111.966
"2012-04-17",123.387,NA,111.977
"2012-04-18",123.347,NA,111.988
"2012-04-19",123.35,NA,111.998
"2012-04-20",123.38,NA,112.009
"2012-04-23",123.416,NA,112.042
"2012-04-24",123.451,NA,112.053
"2012-04-25",123.451,NA,112.064
"2012-04-26",123.474,NA,112.075
"2012-04-27",123.502,NA,112.086
"2012-05-02",123.543,NA,112.137
"2012-05-03",123.548,NA,112.148
"2012-05-04",123.539,NA,112.159
"2012-05-07",123.583,NA,112.19
"2012-05-08",123.56,NA,112.201
"2012-05-09",123.604,NA,112.212
"2012-05-10",123.77,NA,112.223
"2012-05-11",124.058,NA,112.234
"2012-05-14",124.331,NA,112.265
"2012-05-15",125.388,NA,112.275
"2012-05-16",125.58,NA,112.286
"2012-05-17",125.18,NA,112.296
"2012-05-18",125.586,NA,112.307
"2012-05-21",125.469,NA,112.34
"2012-05-22",125.476,NA,112.351
"2012-05-23",125.538,NA,112.362
"2012-05-24",126.047,NA,112.373
"2012-05-25",126.504,NA,112.384
"2012-05-28",126.145,NA,112.416
"2012-05-29",125.997,NA,112.427
"2012-05-30",125.774,NA,112.438
"2012-05-31",125.875,NA,112.449
"2012-06-01",125.925,NA,112.46
"2012-06-04",125.949,NA,112.493
"2012-06-05",125.687,NA,112.504
"2012-06-06",125.651,NA,112.515
"2012-06-07",125.663,NA,112.526
"2012-06-08",125.978,NA,112.537
"2012-06-11",125.583,NA,112.57
"2012-06-12",125.556,NA,112.581
"2012-06-13",125.279,NA,112.592
"2012-06-14",125.264,NA,112.603
"2012-06-15",125.333,NA,112.614
"2012-06-18",125.161,NA,112.644
"2012-06-19",125.261,NA,112.655
"2012-06-20",125.219,NA,112.666
"2012-06-21",125.374,NA,112.677
"2012-06-25",125.606,NA,112.72
"2012-06-26",125.689,NA,112.731
"2012-06-27",126.037,NA,112.742
"2012-06-28",126.034,NA,112.753
"2012-06-29",125.993,NA,112.764
"2012-07-02",125.947,NA,112.797
"2012-07-03",126.111,NA,112.808
"2012-07-04",126.137,NA,112.82
"2012-07-05",126.207,NA,112.831
"2012-07-06",126.449,NA,112.842
"2012-07-09",126.72,NA,112.875
"2012-07-10",126.929,NA,112.886
"2012-07-11",126.961,NA,112.897
"2012-07-12",126.976,NA,112.908
"2012-07-13",126.923,NA,112.92
"2012-07-16",126.825,NA,112.953
"2012-07-17",126.772,NA,112.964
"2012-07-18",126.812,NA,112.975
"2012-07-19",126.74,NA,112.986
"2012-07-20",126.832,NA,112.996
"2012-07-23",126.815,NA,113.029
"2012-07-24",126.853,NA,113.041
"2012-07-25",126.832,NA,113.052
"2012-07-26",126.776,NA,113.063
"2012-07-27",126.791,NA,113.074
"2012-07-30",126.787,NA,113.107
"2012-07-31",126.491,NA,113.118
"2012-08-01",126.633,NA,113.13
"2012-08-02",126.635,NA,113.141
"2012-08-03",126.567,NA,113.152
"2012-08-06",126.42,NA,113.182
"2012-08-07",126.178,NA,113.193
"2012-08-08",125.939,NA,113.205
"2012-08-09",126.33,NA,113.216
"2012-08-10",126.438,NA,113.227
"2012-08-13",126.079,NA,113.26
"2012-08-14",125.992,NA,113.271
"2012-08-15",125.775,NA,113.283
"2012-08-16",125.729,NA,113.294
"2012-08-17",125.935,NA,113.305
"2012-08-20",125.496,NA,113.334
"2012-08-21",125.523,NA,113.346
"2012-08-22",125.151,NA,113.357
"2012-08-23",125.421,NA,113.366
"2012-08-24",125.653,NA,113.377
"2012-08-27",125.789,NA,113.411
"2012-08-28",125.582,NA,113.422
"2012-08-29",125.619,NA,113.434
"2012-08-30",125.646,NA,113.445
"2012-08-31",125.628,NA,113.456
"2012-09-03",125.665,NA,113.489
"2012-09-04",125.825,NA,113.501
"2012-09-05",125.736,NA,113.512
"2012-09-06",125.704,NA,113.523
"2012-09-07",125.379,NA,113.534
"2012-09-10",124.985,NA,113.568
"2012-09-11",124.953,NA,113.579
"2012-09-12",124.6991,116.5682,113.59
"2012-09-13",124.7347,116.5788,113.601
"2012-09-14",124.494,116.5894,113.612
"2012-09-17",124.2884,116.6729,113.642
"2012-09-18",124.8394,116.6833,113.653
"2012-09-19",124.7453,116.6938,113.664
"2012-09-20",124.8698,116.7037,113.675
"2012-09-21",124.9214,116.7142,113.686
"2012-09-24",124.9114,116.7438,113.719
"2012-09-25",125.2862,116.7543,113.729
"2012-09-26",125.5881,116.7648,113.74
"2012-09-27",125.5928,116.7753,113.751
"2012-09-28",125.3814,116.7858,113.762
"2012-10-08",125.3465,116.8907,113.872
"2012-10-09",125.3202,116.9012,113.883
"2012-10-10",125.3313,116.9116,113.894
"2012-10-11",125.3561,116.9221,113.904
"2012-10-12",125.5247,116.9326,113.915
"2012-10-15",125.5429,116.9613,113.948
"2012-10-16",125.4628,116.9719,113.959
"2012-10-17",125.4271,116.9824,113.97
"2012-10-18",125.1327,116.9929,113.981
"2012-10-19",125.3167,117.0034,113.992
"2012-10-22",125.2863,117.0349,114.025
"2012-10-23",125.4146,117.0455,114.036
"2012-10-24",125.3472,117.056,114.047
"2012-10-25",125.1681,117.0666,114.058
"2012-10-26",125.2029,117.0772,114.069
"2012-10-29",125.4995,117.1088,114.1
"2012-10-30",125.5136,117.1194,114.111
"2012-10-31",125.4635,117.13,114.122
"2012-11-01",125.3447,117.1405,114.133
"2012-11-02",125.3975,117.1511,114.144
"2012-11-05",125.5494,117.1818,114.177
"2012-11-06",125.5092,117.1924,114.187
"2012-11-07",125.4707,117.2027,114.198
"2012-11-08",125.6672,117.2133,114.209
"2012-11-09",125.7593,117.2239,114.22
"2012-11-12",125.7375,117.2556,114.253
"2012-11-13",125.8515,117.2661,114.264
"2012-11-14",125.91,117.2767,114.275
"2012-11-15",125.8682,117.2873,114.285
"2012-11-16",126.1297,117.2978,114.296
"2012-11-19",126.2663,117.3295,114.326
"2012-11-20",126.2295,117.3401,114.337
"2012-11-21",126.0366,117.3507,114.348
"2012-11-22",125.8771,117.3612,114.359
"2012-11-23",125.9162,117.3718,114.37
"2012-11-26",125.9156,117.4023,114.398
"2012-11-27",125.7814,117.4129,114.409
"2012-11-28",125.7506,117.4234,114.42
"2012-11-29",125.8017,117.434,114.431
"2012-11-30",125.8102,117.4445,114.442
"2012-12-03",125.7529,117.4762,114.475
"2012-12-04",125.7207,117.4868,114.486
"2012-12-05",125.7104,117.4973,114.497
"2012-12-06",125.6877,117.5079,114.508
"2012-12-07",125.6836,117.5184,114.519
"2012-12-10",125.7181,117.5501,114.552
"2012-12-11",125.8169,117.5606,114.563
"2012-12-12",125.8211,117.5712,114.574
"2012-12-13",125.8891,117.5817,114.585
"2012-12-14",125.7913,117.5923,114.596
"2012-12-17",125.8289,117.6236,114.626
"2012-12-18",125.8784,117.634,114.637
"2012-12-19",125.8105,117.6447,114.648
"2012-12-20",125.764,117.6555,114.659
"2012-12-21",125.8278,117.6662,114.671
"2012-12-24",125.8369,117.6971,114.703
"2012-12-25",125.8593,117.7072,114.714
"2012-12-26",125.9888,117.718,114.726
"2012-12-27",126.0476,117.7287,114.737
"2012-12-28",126.2158,117.7395,114.748
"2012-12-31",126.2455,117.7718,114.782
"2013-01-04",126.1024,117.8148,114.827
"2013-01-07",126.1716,117.847,114.861
"2013-01-08",126.29,117.8578,114.872
"2013-01-09",126.3327,117.8686,114.883
"2013-01-10",126.2477,117.8793,114.894
"2013-01-11",126.1398,117.8901,114.905
"2013-01-14",126.11,117.9223,114.939
"2013-01-15",126.1148,117.9331,114.95
"2013-01-16",126.1321,117.9438,114.962
"2013-01-17",126.182,117.9546,114.973
"2013-01-18",126.4601,117.9653,114.984
"2013-01-21",126.4718,117.9975,115.015
"2013-01-22",126.4638,118.0083,115.026
"2013-01-23",126.4553,118.0186,115.037
"2013-01-24",126.4075,118.0294,115.049
"2013-01-25",126.4247,118.0401,115.06
"2013-01-28",126.4068,118.0697,115.094
"2013-01-29",126.4092,118.0805,115.105
"2013-01-30",126.3067,118.0913,115.116
"2013-01-31",126.3351,118.1021,115.128
"2013-02-01",126.2708,118.1128,115.139
"2013-02-04",126.4029,118.1442,115.173
"2013-02-05",126.3987,118.155,115.183
"2013-02-06",126.4218,118.1658,115.195
"2013-02-07",126.4545,118.1766,115.206
"2013-02-08",126.4573,118.1874,115.217
"2013-02-18",126.6376,118.2954,115.32
"2013-02-19",126.5742,118.3062,115.331
"2013-02-20",126.6002,118.317,115.343
"2013-02-21",126.6617,118.3278,115.354
"2013-02-22",126.6263,118.3386,115.365
"2013-02-25",126.5509,118.371,115.392
"2013-02-26",126.535,118.3818,115.403
"2013-02-27",126.5404,118.3926,115.415
"2013-02-28",126.6087,118.4034,115.425
"2013-03-01",126.5621,118.4142,115.437
"2013-03-04",126.6469,118.4466,115.471
"2013-03-05",126.7377,118.4574,115.482
"2013-03-06",126.7604,118.4682,115.493
"2013-03-07",126.7598,118.479,115.5047
"2013-03-08",126.7088,118.4898,115.5161
"2013-03-11",126.6797,118.5226,115.5498
"2013-03-12",126.7062,118.5333,115.5611
"2013-03-13",126.7433,118.5442,115.5723
"2013-03-14",126.7655,118.5551,115.5836
"2013-03-15",126.7538,118.5661,115.5949
"2013-03-18",126.7654,118.598,115.6258
"2013-03-19",126.7504,118.6089,115.6371
"2013-03-20",126.7908,118.6195,115.6484
"2013-03-21",126.7819,118.6305,115.6597
"2013-03-22",126.7761,118.6411,115.6709
"2013-03-25",126.8285,118.6731,115.7047
"2013-03-26",126.8546,118.6841,115.716
"2013-03-27",126.8266,118.695,115.7273
"2013-03-28",126.8646,118.706,115.7385
"2013-03-29",126.8863,118.717,115.7498
"2013-04-01",126.9793,118.7499,115.7836
"2013-04-02",127.1105,118.7608,115.7949
"2013-04-03",127.3121,118.7718,115.8061
"2013-04-08",127.5664,118.8266,115.8625
"2013-04-09",127.5623,118.8375,115.8738
"2013-04-10",127.5073,118.8485,115.885
"2013-04-11",127.5324,118.8595,115.8963
"2013-04-12",127.5826,118.8704,115.9076
"2013-04-15",127.7045,118.9033,115.9414
"2013-04-16",127.8704,118.9143,115.9526
"2013-04-17",127.9171,118.9252,115.9639
"2013-04-18",127.832,118.9362,115.9752
"2013-04-19",127.6422,118.9472,115.9864
"2013-04-22",127.6858,118.98,116.0202
"2013-04-23",127.8031,118.991,116.0315
"2013-04-24",127.8721,119.002,116.0428
"2013-04-25",127.8967,119.0129,116.054
"2013-04-26",128.0623,119.0239,116.0653
"2013-05-02",128.1925,119.0896,116.1301
"2013-05-03",128.3103,119.1006,116.1414
"2013-05-06",128.2612,119.1325,116.1752
"2013-05-07",128.5294,119.1432,116.1865
"2013-05-08",128.4129,119.1541,116.1977
"2013-05-09",128.4378,119.1651,116.209
"2013-05-10",128.4478,119.176,116.2203
"2013-05-13",128.4716,119.208,116.2541
"2013-05-14",128.5511,119.219,116.2654
"2013-05-15",128.5119,119.23,116.2757
"2013-05-16",128.5121,119.2409,116.287
"2013-05-17",128.5026,119.2519,116.2974
"2013-05-20",128.5101,119.2848,116.3313
"2013-05-21",128.4984,119.2957,116.3426
"2013-05-22",128.4906,119.3067,116.3539
"2013-05-23",128.5681,119.3177,116.3653
"2013-05-24",128.5961,119.3286,116.3751
"2013-05-27",128.6405,119.3615,116.4091
"2013-05-28",128.6839,119.3725,116.4205
"2013-05-29",128.5759,119.3834,116.4318
"2013-05-30",128.5709,119.3944,116.4431
"2013-05-31",128.5603,119.4053,116.4544
"2013-06-03",128.4807,119.4382,116.4883
"2013-06-04",128.4294,119.4492,116.4996
"2013-06-05",128.3664,119.4602,116.5109
"2013-06-06",128.2555,119.4711,116.5222
"2013-06-07",128.1418,119.482,116.5335
"2013-06-13",128.3022,119.5476,116.6014
"2013-06-14",128.2544,119.5585,116.6127
"2013-06-17",128.2257,119.591,116.6428
"2013-06-18",128.0296,119.6018,116.6543
"2013-06-19",127.8289,119.6129,116.6658
"2013-06-20",127.0457,119.6239,116.6772
"2013-06-21",126.8997,119.635,116.6887
"2013-06-24",126.8019,119.6662,116.7231
"2013-06-25",126.9599,119.6772,116.7345
"2013-06-26",127.677,119.6883,116.746
"2013-06-27",128.0283,119.6994,116.7574
"2013-06-28",128.2701,119.7105,116.7689
"2013-07-01",128.2995,119.7437,116.8032
"2013-07-02",128.3593,119.7548,116.8147
"2013-07-03",128.352,119.7659,116.8262
"2013-07-04",128.4296,119.777,116.8376
"2013-07-05",128.4748,119.7881,116.8491
"2013-07-08",128.3321,119.8192,116.8834
"2013-07-09",128.2136,119.8303,116.8949
"2013-07-10",127.9369,119.8414,116.9063
"2013-07-11",127.705,119.8525,116.9178
"2013-07-12",127.554,119.8636,116.9292
"2013-07-15",127.5591,119.8969,116.9636
"2013-07-16",127.3973,119.9081,116.9751
"2013-07-17",127.3202,119.9192,116.9865
"2013-07-18",127.2651,119.9303,116.998
"2013-07-19",127.1521,119.9414,117.0094
"2013-07-22",126.9762,119.9747,117.041
"2013-07-23",126.8039,119.9855,117.0525
"2013-07-24",126.3166,119.9967,117.0639
"2013-07-25",126.6075,120.0078,117.0754
"2013-07-26",126.7599,120.0189,117.0868
"2013-07-29",126.6302,120.0523,117.1212
"2013-07-30",126.7237,120.0634,117.1326
"2013-07-31",126.879,120.0745,117.1441
"2013-08-01",126.9479,120.0856,117.1555
"2013-08-02",127.0347,120.0967,117.167
"2013-08-05",126.9822,120.1283,117.2013
"2013-08-06",126.9213,120.1394,117.2127
"2013-08-07",126.7456,120.1505,117.2242
"2013-08-08",126.4538,120.1616,117.2356
"2013-08-09",126.3725,120.1727,117.2471
"2013-08-12",126.1367,120.206,117.2814
"2013-08-13",125.8622,120.2172,117.2929
"2013-08-14",125.5408,120.2283,117.3043
"2013-08-15",125.404,120.2394,117.3158
"2013-08-16",125.4676,120.2505,117.3272
"2013-08-19",125.3425,120.2838,117.3589
"2013-08-20",125.0573,120.2949,117.3703
"2013-08-21",125.1144,120.306,117.3808
"2013-08-22",125.1268,120.3171,117.3923
"2013-08-23",125.367,120.3282,117.4016
"2013-08-26",125.6283,120.3616,117.4361
"2013-08-27",125.6151,120.3727,117.4477
"2013-08-28",125.4608,120.3838,117.4588
"2013-08-29",125.3679,120.3949,117.4703
"2013-08-30",125.3135,120.406,117.4819
"2013-09-02",125.3323,120.4393,117.5167
"2013-09-03",125.3008,120.4504,117.5283
"2013-09-04",125.2146,120.4615,117.5398
"2013-09-05",125.1545,120.4726,117.5514
"2013-09-06",125.1642,120.4837,117.563
"2013-09-09",125.1408,120.5171,117.5978
"2013-09-10",124.9833,120.5282,117.6093
"2013-09-11",124.7592,120.5393,117.6209
"2013-09-12",124.6686,120.5504,117.6325
"2013-09-13",124.712,120.5615,117.6441
"2013-09-16",124.8249,120.5942,117.6786
"2013-09-17",125.1172,120.6051,117.6896
"2013-09-18",125.0594,120.6162,117.7011
"2013-09-23",125.5653,120.6692,117.7586
"2013-09-24",125.5289,120.6804,117.7701
"2013-09-25",125.6285,120.6913,117.7816
"2013-09-26",125.8292,120.7025,117.7931
"2013-09-27",125.8338,120.7136,117.8046
"2013-09-30",125.779,120.7471,117.8392
"2013-10-08",125.9475,120.8364,117.9312
"2013-10-09",126.0084,120.8475,117.9427
"2013-10-10",125.9138,120.8587,117.9542
"2013-10-11",125.9395,120.8698,117.9657
"2013-10-14",125.8009,120.9017,118.0002
"2013-10-15",125.7626,120.9129,118.0117
"2013-10-16",125.6748,120.9241,118.0232
"2013-10-17",125.6337,120.9352,118.0347
"2013-10-18",125.6068,120.9464,118.0462
"2013-10-21",125.5637,120.98,118.0807
"2013-10-22",125.5342,120.9911,118.0922
"2013-10-23",125.5795,121.0023,118.1038
"2013-10-24",125.2691,121.0136,118.1153
"2013-10-25",125.303,121.0248,118.1269
"2013-10-28",125.2465,121.0577,118.1616
"2013-10-29",125.1097,121.0689,118.1731
"2013-10-30",125.1375,121.0802,118.1847
"2013-10-31",125.2981,121.0914,118.1962
"2013-11-01",125.4091,121.1026,118.2078
"2013-11-04",125.3728,121.1364,118.2425
"2013-11-05",125.2788,121.1473,118.254
"2013-11-06",124.946,121.1586,118.2656
"2013-11-07",124.6224,121.1696,118.2772
"2013-11-08",124.2355,121.1809,118.2887
"2013-11-11",123.8328,121.2146,118.3234
"2013-11-12",123.6593,121.2259,118.335
"2013-11-13",123.488,121.2369,118.3465
"2013-11-14",123.3886,121.2482,118.3581
"2013-11-15",122.835,121.2593,118.3693
"2013-11-18",122.829,121.2934,118.4016
"2013-11-19",122.7625,121.3047,118.4132
"2013-11-20",122.5085,121.3161,118.4247
"2013-11-21",122.6535,121.3274,118.4364
"2013-11-22",123.088,121.3388,118.448
"2013-11-25",123.1013,121.3729,118.4755
"2013-11-26",122.9643,121.3842,118.4872
"2013-11-27",123.4392,121.3956,118.4986
"2013-11-28",123.7838,121.4069,118.5102
"2013-11-29",123.9648,121.4183,118.5219
"2013-12-02",123.843,121.4524,118.557
"2013-12-03",123.8253,121.4637,118.5687
"2013-12-04",123.8134,121.4751,118.5803
"2013-12-05",123.7534,121.4864,118.592
"2013-12-06",123.5528,121.4978,118.6037
"2013-12-09",123.3694,121.532,118.6388
"2013-12-10",122.9519,121.5434,118.6505
"2013-12-11",122.8848,121.5548,118.6621
"2013-12-12",123.2505,121.5663,118.6738
"2013-12-13",123.5478,121.5777,118.6855
"2013-12-16",123.471,121.6108,118.7176
"2013-12-17",123.2832,121.6224,118.7293
"2013-12-18",123.2135,121.6337,118.741
"2013-12-19",123.0752,121.6452,118.7527
"2013-12-20",123.0948,121.6568,118.7644
"2013-12-23",123.2022,121.6905,118.7994
"2013-12-24",123.3635,121.7018,118.8111
"2013-12-25",123.4165,121.7134,118.8228
"2013-12-26",123.4201,121.7249,118.8345
"2013-12-27",123.3514,121.7365,118.8461
"2013-12-30",123.4178,121.7712,118.8812
"2013-12-31",123.4119,121.7828,118.8929
"2014-01-02",123.3439,121.8059,118.9162
"2014-01-03",123.1074,121.8175,118.9279
"2014-01-06",123.1125,121.8522,118.9629
"2014-01-07",123.1924,121.8637,118.9746
"2014-01-08",123.4127,121.8753,118.9863
"2014-01-09",123.589,121.8869,118.998
"2014-01-10",123.5928,121.8984,119.0097
"2014-01-13",123.5571,121.9331,119.0447
"2014-01-14",123.6154,121.9447,119.0564
"2014-01-15",123.7042,121.9563,119.0681
"2014-01-16",123.7699,121.9679,119.0798
"2014-01-17",123.7167,121.9795,119.0914
"2014-01-20",123.8649,122.0123,119.1265
"2014-01-21",124.3793,122.0239,119.1382
"2014-01-22",124.5573,122.0355,119.1498
"2014-01-23",124.5811,122.0469,119.1616
"2014-01-24",124.5162,122.0578,119.1733
"2014-01-27",124.8389,122.0928,119.2085
"2014-01-28",124.8582,122.1045,119.2202
"2014-01-29",124.9028,122.1161,119.2319
"2014-01-30",124.9634,122.1278,119.2436
"2014-02-07",125.0915,122.2171,119.3374
"2014-02-10",125.1756,122.2521,119.3726
"2014-02-11",125.1628,122.2637,119.3843
"2014-02-12",125.2747,122.2754,119.396
"2014-02-13",125.2988,122.2872,119.4077
"2014-02-14",125.4388,122.2989,119.4194
"2014-02-17",125.34,122.3341,119.4546
"2014-02-18",125.2576,122.3459,119.4654
"2014-02-19",125.1927,122.3576,119.4771
"2014-02-20",125.2618,122.3694,119.4889
"2014-02-21",125.2549,122.3812,119.4996
"2014-02-24",125.4245,122.4167,119.5228
"2014-02-25",125.606,122.4285,119.5347
"2014-02-26",125.9473,122.4403,119.5465
"2014-02-27",126.2786,122.4521,119.5583
"2014-02-28",126.598,122.4639,119.5697
"2014-03-03",126.4868,122.4993,119.6052
"2014-03-04",125.8385,122.5111,119.6171
"2014-03-05",125.8766,122.5229,119.6289
"2014-03-06",125.867,122.5348,119.6407
"2014-03-07",125.8984,122.5467,119.6526
"2014-03-10",125.9156,122.5823,119.6881
"2014-03-11",125.9559,122.5942,119.6999
"2014-03-12",125.9686,122.6061,119.7118
"2014-03-13",126.1174,122.6179,119.7236
"2014-03-14",126.1893,122.6298,119.7354
"2014-03-17",126.2241,122.6635,119.7707
"2014-03-18",126.2265,122.6755,119.7825
"2014-03-19",126.2159,122.6875,119.7942
"2014-03-20",126.1635,122.6995,119.806
"2014-03-21",126.1777,122.7116,119.8177
"2014-03-24",126.3447,122.7469,119.853
"2014-03-25",126.3015,122.7587,119.8648
"2014-03-26",126.3836,122.7707,119.8765
"2014-03-27",126.4218,122.7827,119.8884
"2014-03-28",126.3415,122.7948,119.9002
"2014-03-31",126.3117,122.8308,119.9358
"2014-04-01",126.3208,122.8429,119.9477
"2014-04-02",126.2742,122.8549,119.9595
"2014-04-03",126.1987,122.8669,119.9714
"2014-04-04",126.06,122.8789,119.9832
"2014-04-08",126.1777,122.927,120.0306
"2014-04-09",126.2099,122.939,120.0425
"2014-04-10",126.1963,122.9511,120.0543
"2014-04-11",126.256,122.9632,120.0662
"2014-04-14",126.4296,122.9994,120.1018
"2014-04-15",126.606,123.0115,120.1136
"2014-04-16",126.5712,123.0236,120.1255
"2014-04-17",126.8772,123.0356,120.1374
"2014-04-18",127.016,123.047,120.1494
"2014-04-21",127.1239,123.0833,120.1852
"2014-04-22",127.0889,123.0954,120.1971
"2014-04-23",127.1224,123.1075,120.2091
"2014-04-24",127.1359,123.1196,120.221
"2014-04-25",126.9872,123.1317,120.233
"2014-04-28",127.1771,123.1672,120.2688
"2014-04-29",127.1595,123.1793,120.2808
"2014-04-30",127.2449,123.1914,120.2927
"2014-05-05",127.3335,123.2509,120.3524
"2014-05-06",127.2838,123.263,120.3644
"2014-05-07",127.4129,123.275,120.3763
"2014-05-08",127.4835,123.2871,120.3883
"2014-05-09",127.9546,123.2992,120.4002
"2014-05-12",128.1742,123.3357,120.436
"2014-05-13",128.0436,123.3476,120.448
"2014-05-14",127.8217,123.3598,120.4599
"2014-05-15",127.95,123.3717,120.4715
"2014-05-16",127.847,123.3839,120.4834
"2014-05-19",127.8564,123.4205,120.5169
"2014-05-20",127.9936,123.4327,120.5289
"2014-05-21",128.1522,123.4449,120.5409
"2014-05-22",128.1604,123.4571,120.5529
"2014-05-23",128.1678,123.4693,120.5638
"2014-05-26",128.2883,123.506,120.5961
"2014-05-27",128.2708,123.5182,120.6079
"2014-05-28",128.5288,123.5304,120.62
"2014-05-29",128.7245,123.5426,120.6321
"2014-05-30",128.9216,123.5548,120.6442
"2014-06-03",129.0877,123.6038,120.6926
"2014-06-04",129.3957,123.616,120.7047
"2014-06-05",129.3981,123.6283,120.7168
"2014-06-06",129.4277,123.6406,120.7289
"2014-06-09",129.5003,123.6774,120.7652
"2014-06-10",129.5877,123.6897,120.7773
"2014-06-11",129.5945,123.702,120.7894
"2014-06-12",129.6378,123.7143,120.8015
"2014-06-13",129.5546,123.7266,120.8136
"2014-06-16",129.7002,123.7606,120.8489
"2014-06-17",129.7124,123.7729,120.8607
"2014-06-18",129.6543,123.7851,120.8724
"2014-06-19",129.7241,123.7974,120.8842
"2014-06-20",129.6983,123.8098,120.8959
"2014-06-23",129.8395,123.8469,120.9312
"2014-06-24",129.7833,123.859,120.943
"2014-06-25",129.7603,123.8714,120.9547
"2014-06-26",129.8062,123.8837,120.9666
"2014-06-27",129.8059,123.8961,120.9784
"2014-06-30",129.8295,123.9332,121.0138
"2014-07-01",129.7862,123.9455,121.0256
"2014-07-02",129.5927,123.9579,121.0374
"2014-07-03",129.5088,123.9702,121.0493
"2014-07-04",129.411,123.9826,121.0611
"2014-07-07",129.4674,124.0197,121.0965
"2014-07-08",129.5062,124.032,121.1083
"2014-07-09",129.4685,124.0444,121.1201
"2014-07-10",129.4979,124.0568,121.132
"2014-07-11",129.5574,124.0685,121.1438
"2014-07-14",129.4453,124.1057,121.1792
"2014-07-15",129.3257,124.1181,121.191
"2014-07-16",129.0856,124.1305,121.2028
"2014-07-17",128.8551,124.1429,121.2147
"2014-07-18",128.6378,124.1554,121.2266
"2014-07-21",128.6906,124.1909,121.2622
"2014-07-22",128.8089,124.2034,121.274
"2014-07-23",128.7427,124.2156,121.2859
"2014-07-24",128.7909,124.228,121.2978
"2014-07-25",128.8554,124.2404,121.3096
"2014-07-28",128.8966,124.2777,121.3452
"2014-07-29",128.9438,124.2901,121.3571
"2014-07-30",128.9554,124.3025,121.3689
"2014-07-31",128.9553,124.315,121.3808
"2014-08-01",129.0338,124.3274,121.3927
"2014-08-04",129.2426,124.364,121.4283
"2014-08-05",129.2433,124.3762,121.4401
"2014-08-06",129.2679,124.3887,121.452
"2014-08-07",129.2996,124.4011,121.4638
"2014-08-08",129.3081,124.4136,121.4757
"2014-08-11",129.3162,124.451,121.5113
"2014-08-12",129.2385,124.4634,121.5232
"2014-08-13",129.3136,124.4759,121.535
"2014-08-14",129.493,124.4883,121.5469
"2014-08-15",129.4761,124.5008,121.5588
"2014-08-18",129.5276,124.5365,121.5943
"2014-08-19",129.5226,124.549,121.6062
"2014-08-20",129.4791,124.5614,121.6181
"2014-08-21",129.4641,124.5739,121.6289
"2014-08-22",129.4593,124.5864,121.6391
"2014-08-25",129.5161,124.6238,121.6679
"2014-08-26",129.5439,124.6362,121.6799
"2014-08-27",129.691,124.6487,121.6919
"2014-08-28",129.7616,124.6611,121.7034
"2014-08-29",129.7752,124.6736,121.7154
"2014-09-01",129.8538,124.711,121.7515
"2014-09-02",129.8834,124.7235,121.7635
"2014-09-03",129.8727,124.7359,121.7755
"2014-09-04",129.8487,124.7484,121.7875
"2014-09-05",129.8594,124.7609,121.7995
"2014-09-09",129.9289,124.8109,121.8476
"2014-09-10",129.8506,124.8233,121.8596
"2014-09-11",129.8198,124.8358,121.8716
"2014-09-12",129.8456,124.8483,121.8836
"2014-09-15",129.9613,124.8852,121.9203
"2014-09-16",129.9972,124.8973,121.9325
"2014-09-17",130.0584,124.9092,121.9448
"2014-09-18",130.2831,124.9215,121.957
"2014-09-19",130.6503,124.9338,121.9692
"2014-09-22",130.9258,124.9708,122.0007
"2014-09-23",131.0182,124.9831,122.013
"2014-09-24",130.9748,124.9954,122.0252
"2014-09-25",130.9426,125.0075,122.0376
"2014-09-26",131.0011,125.0198,122.0499
"2014-09-29",131.1022,125.0568,122.0869
"2014-09-30",131.1623,125.0691,122.0992
"2014-10-08",131.2871,125.1676,122.1978
"2014-10-09",131.3125,125.18,122.2102
"2014-10-10",131.291,125.1923,122.2225
"2014-10-13",131.5554,125.2292,122.2595
"2014-10-14",131.7377,125.2415,122.2718
"2014-10-15",132.3048,125.2539,122.2841
"2014-10-16",132.7097,125.2662,122.2965
"2014-10-17",132.7103,125.2777,122.3089
"2014-10-20",133.1781,125.3148,122.346
"2014-10-21",133.4546,125.3271,122.3584
"2014-10-22",133.3146,125.3395,122.3708
"2014-10-23",133.2344,125.3518,122.3832
"2014-10-24",133.2774,125.3642,122.3956
"2014-10-27",133.2717,125.4012,122.4327
"2014-10-28",133.4122,125.4133,122.4451
"2014-10-29",133.5267,125.4256,122.4575
"2014-10-30",133.596,125.438,122.4699
"2014-10-31",133.608,125.4504,122.4823
"2014-11-03",133.8294,125.4874,122.5194
"2014-11-04",134.0396,125.4998,122.5318
"2014-11-05",134.2506,125.5119,122.5442
"2014-11-06",134.3119,125.5243,122.5566
"2014-11-07",134.5213,125.5365,122.569
"2014-11-10",134.8912,125.5735,122.6061
"2014-11-11",135.4033,125.5859,122.6185
"2014-11-12",135.2147,125.5983,122.6309
"2014-11-13",135.0577,125.6104,122.6433
"2014-11-14",134.9658,125.6228,122.6557
"2014-11-17",134.8336,125.6573,122.6929
"2014-11-18",134.7827,125.6697,122.7052
"2014-11-19",134.7501,125.682,122.7176
"2014-11-20",134.7904,125.6944,122.7301
"2014-11-21",134.5592,125.7068,122.7425
"2014-11-24",135.2474,125.744,122.7717
"2014-11-25",135.2478,125.7564,122.7842
"2014-11-26",135.2448,125.7687,122.7967
"2014-11-27",135.2126,125.7811,122.8088
"2014-11-28",135.3233,125.7935,122.8213
"2014-12-01",135.3615,125.8307,122.8588
"2014-12-02",135.1994,125.843,122.8713
"2014-12-03",135.0036,125.8554,122.8838
"2014-12-04",134.7238,125.8678,122.8962
"2014-12-05",134.1702,125.8802,122.9087
"2014-12-08",133.9738,125.9173,122.9462
"2014-12-09",133.7232,125.9297,122.9587
"2014-12-10",133.7613,125.9421,122.9712
"2014-12-11",134.0288,125.9545,122.9837
"2014-12-12",133.8968,125.9669,122.9962
"2014-12-15",133.9332,126.0042,123.0312
"2014-12-16",133.8688,126.0159,123.0434
"2014-12-17",134.0349,126.0283,123.0557
"2014-12-18",134.103,126.0406,123.0679
"2014-12-19",134.2086,126.053,123.0784
"2014-12-22",134.335,126.0903,123.1151
"2014-12-23",134.4693,126.1028,123.1274
"2014-12-24",134.7967,126.115,123.1396
"2014-12-25",134.9509,126.1275,123.1519
"2014-12-26",134.8924,126.1399,123.1642
"2014-12-29",134.9911,126.1772,123.2009
"2014-12-30",135.0465,126.1897,123.2132
"2014-12-31",134.9761,126.2021,123.2255
"2015-01-05",134.9678,126.2644,123.2868
"2015-01-06",134.9464,126.2768,123.299
"2015-01-07",135.0893,126.2893,123.3113
"2015-01-08",135.0563,126.3017,123.3236
"2015-01-09",135.0954,126.3141,123.3358
"2015-01-12",135.1655,126.3515,123.3726
"2015-01-13",135.3572,126.3639,123.3849
"2015-01-14",135.701,126.3764,123.3972
"2015-01-15",135.8668,126.3888,123.4094
"2015-01-16",135.9274,126.4007,123.4217
"2015-01-19",136.0989,126.4381,123.4585
"2015-01-20",136.1535,126.45,123.4707
"2015-01-21",136.151,126.4625,123.483
"2015-01-22",136.262,126.475,123.4953
"2015-01-23",136.4215,126.4873,123.5075
"2015-01-26",136.4608,126.523,123.5443
"2015-01-27",136.6157,126.5355,123.5566
"2015-01-28",136.4878,126.548,123.5688
"2015-01-29",136.3252,126.5605,123.5811
"2015-01-30",136.2284,126.573,123.5934
"2015-02-02",136.301,126.6105,123.6302
"2015-02-03",136.5296,126.623,123.6424
"2015-02-04",136.4918,126.6353,123.6547
"2015-02-05",136.7247,126.6476,123.667
"2015-02-06",136.7163,126.6601,123.6792
"2015-02-09",136.5934,126.6976,123.7161
"2015-02-10",136.748,126.7101,123.7283
"2015-02-11",136.7533,126.7226,123.7406
"2015-02-12",137.0958,126.7351,123.7529
"2015-02-13",137.1967,126.7475,123.7652
"2015-02-16",137.5003,126.785,123.802
"2015-02-17",137.6273,126.7975,123.8143
"2015-02-25",137.6807,126.8884,123.874
"2015-02-26",137.7645,126.9009,123.8864
"2015-02-27",137.7163,126.9134,123.8988
"2015-03-02",137.6538,126.9509,123.9342
"2015-03-03",137.5784,126.9634,123.9466
"2015-03-04",137.4701,126.9759,123.959
"2015-03-05",137.4213,126.9884,123.9713
"2015-03-06",137.1347,127.0009,123.9837
"2015-03-09",137.1093,127.0384,124.0208
"2015-03-10",136.958,127.0509,124.0332
"2015-03-11",137.0568,127.0634,124.0456
"2015-03-12",137.3587,127.0759,124.0579
"2015-03-13",137.3424,127.0884,124.0703
"2015-03-16",137.1861,127.125,124.1091
"2015-03-17",137.0207,127.1371,124.1221
"2015-03-18",137.0954,127.1496,124.1337
"2015-03-19",137.0814,127.1621,124.1467
"2015-03-20",137.2139,127.1746,124.1575
"2015-03-23",137.2879,127.212,124.1966
"2015-03-24",137.2774,127.2245,124.2096
"2015-03-25",137.2092,127.2368,124.2226
"2015-03-26",137.1664,127.2493,124.2356
"2015-03-27",136.7934,127.2618,124.2486
"2015-03-30",136.7503,127.2992,124.2876
"2015-03-31",136.5265,127.3117,124.3006
"2015-04-01",136.3512,127.3242,124.3136
"2015-04-02",136.6572,127.3367,124.3266
"2015-04-03",136.8172,127.3484,124.3396
"2015-04-07",136.614,127.3985,124.3917
"2015-04-08",136.446,127.411,124.4047
"2015-04-09",136.2262,127.4235,124.4177
"2015-04-10",136.4781,127.436,124.4307
"2015-04-13",136.5306,127.4735,124.4697
"2015-04-14",136.6337,127.486,124.4827
"2015-04-15",136.7891,127.4986,124.4957
"2015-04-16",136.9179,127.5111,124.5087
"2015-04-17",136.9326,127.5236,124.5217
"2015-04-20",137.3046,127.5593,124.5606
"2015-04-21",137.7122,127.5718,124.5736
"2015-04-22",137.7611,127.5843,124.5866
"2015-04-23",137.7193,127.5969,124.5995
"2015-04-24",137.6733,127.6094,124.6125
"2015-04-27",137.7015,127.647,124.6514
"2015-04-28",137.8882,127.6593,124.6644
"2015-04-29",137.9791,127.6718,124.6774
"2015-04-30",137.9707,127.6843,124.6904
"2015-05-04",138.0131,127.7344,124.7423
"2015-05-05",137.9731,127.7467,124.7553
"2015-05-06",137.9568,127.7592,124.7682
"2015-05-07",137.7758,127.7717,124.7812
"2015-05-08",137.9454,127.7842,124.7942
"2015-05-11",138.0592,127.8218,124.8331
"2015-05-12",138.2003,127.8343,124.8461
"2015-05-13",138.3253,127.8466,124.8591
"2015-05-14",138.4786,127.8592,124.872
"2015-05-15",138.758,127.8712,124.8843
"2015-05-18",138.8574,127.9076,124.9232
"2015-05-19",138.7197,127.9202,124.9361
"2015-05-20",138.7045,127.9327,124.9491
"2015-05-21",138.7239,127.9452,124.9621
"2015-05-22",138.6514,127.9578,124.975
"2015-05-25",138.696,127.9934,125.0093
"2015-05-26",138.4463,128.0059,125.0223
"2015-05-27",138.2887,128.0185,125.0348
"2015-05-28",138.0579,128.031,125.0478
"2015-05-29",137.9649,128.0435,125.0608
"2015-06-01",137.6404,128.0812,125.0998
"2015-06-02",137.7458,128.0937,125.1128
"2015-06-03",137.8861,128.1063,125.1258
"2015-06-04",137.9674,128.1188,125.1388
"2015-06-05",138.043,128.1313,125.1518
"2015-06-08",138.1362,128.1689,125.1909
"2015-06-09",138.2276,128.1814,125.2039
"2015-06-10",138.191,128.1939,125.2168
"2015-06-11",138.0405,128.2064,125.2298
"2015-06-12",137.8003,128.2189,125.2428
"2015-06-15",138.0127,128.2568,125.2796
"2015-06-16",137.9175,128.2687,125.2924
"2015-06-17",138.0636,128.2813,125.3052
"2015-06-18",138.222,128.294,125.3167
"2015-06-19",138.3754,128.3066,125.3279
"2015-06-23",138.3225,128.3571,125.3793
"2015-06-24",138.336,128.3696,125.3922
"2015-06-25",138.378,128.3822,125.405
"2015-06-26",138.3702,128.3949,125.4179
"2015-06-29",138.3661,128.4328,125.4565
"2015-06-30",138.5391,128.4454,125.4693
"2015-07-01",138.5598,128.458,125.4822
"2015-07-02",138.5809,128.4706,125.495
"2015-07-03",138.3665,128.4826,125.5079
"2015-07-06",138.6362,128.5206,125.5465
"2015-07-07",138.9974,128.5333,125.5593
"2015-07-08",139.1279,128.5459,125.5722
"2015-07-09",138.8687,128.5586,125.585
"2015-07-10",138.958,128.5712,125.5979
"2015-07-13",139.0339,128.6074,125.6365
"2015-07-14",138.5745,128.6201,125.6493
"2015-07-15",138.8595,128.6328,125.6622
"2015-07-16",138.9133,128.6454,125.675
"2015-07-17",139.0188,128.6581,125.6879
"2015-07-20",139.0806,128.6947,125.7265
"2015-07-21",139.1581,128.7073,125.7393
"2015-07-22",139.1809,128.72,125.7522
"2015-07-23",139.1311,128.7327,125.765
"2015-07-24",139.2755,128.7453,125.7778
"2015-07-27",139.3835,128.7834,125.8163
"2015-07-28",139.4836,128.796,125.8291
"2015-07-29",139.5769,128.8087,125.842
"2015-07-30",139.523,128.8213,125.8548
"2015-07-31",139.388,128.8339,125.8676
"2015-08-03",139.3721,128.8719,125.9061
"2015-08-04",139.3648,128.8843,125.9189
"2015-08-05",139.4567,128.8968,125.9317
"2015-08-06",139.5252,128.9094,125.9446
"2015-08-07",139.7025,128.9221,125.9574
"2015-08-10",139.7939,128.96,125.9959
"2015-08-11",139.6185,128.9727,126.0087
"2015-08-12",139.3902,128.9853,126.0215
"2015-08-13",139.3127,128.998,126.0343
"2015-08-14",139.4244,129.0106,126.0471
"2015-08-17",139.472,129.0485,126.0855
"2015-08-18",139.3545,129.0607,126.0982
"2015-08-19",139.3605,129.0733,126.111
"2015-08-20",139.3086,129.086,126.1238
"2015-08-21",139.4226,129.0986,126.1353
"2015-08-24",139.5012,129.1331,126.1674
"2015-08-25",139.6585,129.1458,126.1803
"2015-08-26",139.7855,129.1584,126.1932
"2015-08-27",139.9502,129.171,126.206
"2015-08-28",140.066,129.1836,126.2183
"2015-08-31",140.2883,129.2215,126.2569
"2015-09-01",140.4286,129.2342,126.2698
"2015-09-02",140.508,129.2468,126.2827
"2015-09-07",140.357,129.3099,126.347
"2015-09-08",140.3565,129.3226,126.3599
"2015-09-09",140.2433,129.3352,126.3727
"2015-09-10",140.2753,129.3478,126.3856
"2015-09-11",140.3056,129.3605,126.3985
"2015-09-14",140.3923,129.3982,126.438
"2015-09-15",140.3953,129.4107,126.4512
"2015-09-16",140.456,129.4231,126.4643
"2015-09-17",140.5399,129.4354,126.4774
"2015-09-18",140.4829,129.448,126.4894
"2015-09-21",140.5531,129.4857,126.5233
"2015-09-22",140.553,129.4982,126.5364
"2015-09-23",140.5516,129.5108,126.5496
"2015-09-24",140.5604,129.5233,126.5628
"2015-09-25",140.6275,129.5357,126.576
"2015-09-28",140.6536,129.5733,126.6155
"2015-09-29",140.9977,129.5858,126.6287
"2015-09-30",141.1303,129.5984,126.6419
"2015-10-08",141.239,129.6987,126.7473
"2015-10-09",141.4596,129.7113,126.7589
"2015-10-12",141.8429,129.7489,126.7985
"2015-10-13",142.0151,129.7615,126.8117
"2015-10-14",142.2213,129.774,126.8249
"2015-10-15",142.381,129.7865,126.8381
"2015-10-16",142.2501,129.7991,126.8513
"2015-10-19",142.2417,129.8347,126.891
"2015-10-20",142.391,129.8473,126.9042
"2015-10-21",142.4684,129.8598,126.9174
"2015-10-22",142.6147,129.8724,126.9305
"2015-10-23",142.6669,129.8844,126.9436
"2015-10-26",142.9249,129.9222,126.9829
"2015-10-27",143.0642,129.9348,126.996
"2015-10-28",143.2747,129.9471,127.0091
"2015-10-29",143.104,129.9597,127.0222
"2015-10-30",142.965,129.9723,127.0353
"2015-11-02",142.9688,130.01,127.0746
"2015-11-03",142.975,130.0225,127.0877
"2015-11-04",142.8511,130.0351,127.1008
"2015-11-05",142.635,130.0477,127.1139
"2015-11-06",142.6745,130.0602,127.127
"2015-11-09",142.4002,130.0979,127.1663
"2015-11-10",142.2171,130.1105,127.1794
"2015-11-11",142.2638,130.1231,127.1924
"2015-11-12",142.3584,130.1356,127.2054
"2015-11-13",142.4456,130.148,127.2184
"2015-11-16",142.4683,130.1845,127.2555
"2015-11-17",142.5327,130.1967,127.2685
"2015-11-18",142.4773,130.2093,127.2815
"2015-11-19",142.4583,130.2218,127.2945
"2015-11-20",142.4986,130.2344,127.3076
"2015-11-23",142.537,130.2721,127.3424
"2015-11-24",142.5625,130.284,127.3555
"2015-11-25",142.7071,130.2966,127.3685
"2015-11-26",142.8143,130.3091,127.3815
"2015-11-27",142.9507,130.3217,127.3942
"2015-11-30",143.0256,130.3593,127.4333
"2015-12-01",143.1018,130.3719,127.4464
"2015-12-02",143.1544,130.3844,127.4594
"2015-12-03",143.1267,130.397,127.4725
"2015-12-04",143.2736,130.4095,127.4855
"2015-12-07",143.4071,130.4472,127.5246
"2015-12-08",143.4308,130.4597,127.5377
"2015-12-09",143.5002,130.4722,127.5507
"2015-12-10",143.5751,130.4848,127.5638
"2015-12-11",143.6351,130.4973,127.5768
"2015-12-14",143.7136,130.5348,127.6151
"2015-12-15",143.7536,130.5475,127.6279
"2015-12-16",143.6887,130.5595,127.6406
"2015-12-17",143.7245,130.5722,127.6533
"2015-12-18",143.9747,130.5849,127.6647
"2015-12-21",144.2603,130.623,127.6979
"2015-12-22",144.6761,130.6357,127.7106
"2015-12-23",144.6823,130.6484,127.7234
"2015-12-24",144.7644,130.6609,127.7361
"2015-12-25",144.998,130.6735,127.7488
"2015-12-28",145.1824,130.7116,127.787
"2015-12-29",145.1638,130.7242,127.7997
"2015-12-30",145.1477,130.7369,127.8125
"2015-12-31",145.0643,130.7496,127.8252
"2016-01-04",144.909,130.8003,127.8761
"2016-01-05",144.728,130.813,127.8888
"2016-01-06",144.7279,130.8256,127.9016
"2016-01-07",144.8471,130.8383,127.9143
"2016-01-08",144.8213,130.851,127.927
"2016-01-11",144.9322,130.889,127.965
"2016-01-12",145.21,130.9017,127.9777
"2016-01-13",145.4343,130.9144,127.9904
"2016-01-14",145.6428,130.927,128.003
"2016-01-15",145.6156,130.9397,128.0157
"2016-01-18",145.552,130.9762,128.0492
"2016-01-19",145.4538,130.9889,128.0619
"2016-01-20",145.4046,131.0011,128.0746
"2016-01-21",145.2933,131.0138,128.0873
"2016-01-22",145.4495,131.0261,128.1
"2016-01-25",145.3351,131.0641,128.1381
"2016-01-26",145.2066,131.0767,128.1507
"2016-01-27",145.1648,131.0894,128.1634
"2016-01-28",145.1896,131.102,128.1761
"2016-01-29",145.2373,131.1147,128.1888
"2016-02-01",145.389,131.1527,128.2269
"2016-02-02",145.3771,131.1653,128.2395
"2016-02-03",145.2099,131.178,128.2521
"2016-02-04",145.3312,131.1907,128.2648
"2016-02-05",145.1685,131.2031,128.2774
"2016-02-15",145.4598,131.3298,128.4036
"2016-02-16",145.5444,131.3424,128.4162
"2016-02-17",145.5604,131.3551,128.4288
"2016-02-18",145.599,131.3673,128.4415
"2016-02-19",145.6215,131.38,128.4541
"2016-02-22",145.6035,131.4165,128.4856
"2016-02-23",145.6314,131.4281,128.4983
"2016-02-24",145.652,131.4407,128.5109
"2016-02-25",145.6289,131.4534,128.5236
"2016-02-26",145.6895,131.4661,128.5363
"2016-02-29",145.7525,131.491,128.5616
"2016-03-01",145.9128,131.5036,128.5742
"2016-03-02",146.0634,131.5163,128.5869
"2016-03-03",146.0623,131.529,128.5996
"2016-03-04",146.009,131.5416,128.6122
"2016-03-07",145.9673,131.5796,128.65
"2016-03-08",145.92,131.5923,128.6626
"2016-03-09",145.9744,131.605,128.6752
"2016-03-10",146.1289,131.6176,128.6878
"2016-03-11",146.2366,131.6303,128.7003
"2016-03-14",146.3157,131.6684,128.7392
"2016-03-15",146.3915,131.6811,128.7522
"2016-03-16",146.4316,131.6936,128.7651
"2016-03-17",146.5333,131.7061,128.7781
"2016-03-18",146.6253,131.7188,128.7898
"2016-03-21",146.629,131.7569,128.8226
"2016-03-22",146.6583,131.7696,128.8356
"2016-03-23",146.7468,131.7823,128.8487
"2016-03-24",146.8588,131.795,128.8617
"2016-03-25",146.9608,131.8076,128.8747
"2016-03-28",147.1167,131.8457,128.9138
"2016-03-29",147.1289,131.8584,128.9268
"2016-03-30",147.1408,131.871,128.9398
"2016-03-31",147.2749,131.8837,128.9528
"2016-04-01",147.2469,131.8964,128.9658
"2016-04-05",147.2971,131.9444,129.0179
"2016-04-06",147.2335,131.9571,129.0309
"2016-04-07",147.2549,131.9698,129.0439
"2016-04-08",147.278,131.9825,129.057
"2016-04-11",147.2818,132.0206,129.0905
"2016-04-12",147.273,132.0333,129.1034
"2016-04-13",147.0928,132.046,129.1163
"2016-04-14",146.9253,132.0587,129.1292
"2016-04-15",146.7976,132.0714,129.1405
"2016-04-18",146.9396,132.1077,129.1793
"2016-04-19",146.8926,132.1204,129.1922
"2016-04-20",146.691,132.133,129.2052
"2016-04-21",146.497,132.1457,129.2181
"2016-04-22",146.4341,132.1584,129.231
"2016-04-25",146.2139,132.1962,129.2698
"2016-04-26",145.8769,132.2088,129.2827
"2016-04-27",146.0661,132.2215,129.2957
"2016-04-28",146.0789,132.2339,129.3086
"2016-04-29",146.2272,132.2465,129.3215
"2016-05-03",146.3032,132.297,129.3733
"2016-05-04",146.3382,132.3096,129.3862
"2016-05-05",146.3879,132.3222,129.3991
"2016-05-06",146.3751,132.3348,129.4121
"2016-05-09",146.5292,132.3727,129.4509
"2016-05-10",146.6997,132.3853,129.4637
"2016-05-11",146.6839,132.3979,129.4764
"2016-05-12",146.7554,132.4106,129.4892
"2016-05-13",146.7638,132.4232,129.502
"2016-05-16",146.781,132.4597,129.5384
"2016-05-17",146.7659,132.4719,129.5512
"2016-05-18",146.6728,132.4844,129.564
"2016-05-19",146.5311,132.497,129.5768
"2016-05-20",146.5625,132.5096,129.5896
"2016-05-23",146.6574,132.5455,129.6281
"2016-05-24",146.6545,132.5575,129.6409
"2016-05-25",146.6858,132.57,129.6537
"2016-05-26",146.6802,132.5825,129.6665
"2016-05-27",146.6683,132.5951,129.6789
"2016-05-30",146.646,132.6327,129.7173
"2016-05-31",146.6726,132.6453,129.7301
"2016-06-01",146.6806,132.6578,129.743
"2016-06-02",146.6566,132.6703,129.7558
"2016-06-03",146.5841,132.6829,129.7686
"2016-06-06",146.7102,132.7205,129.8067
"2016-06-07",146.7183,132.7331,129.8193
"2016-06-08",146.7259,132.7456,129.832
"2016-06-13",146.7448,132.8088,129.8902
"2016-06-14",146.782,132.8216,129.9023
"2016-06-15",146.8873,132.8343,129.9145
"2016-06-16",146.8624,132.8464,129.9266
"2016-06-17",146.9499,132.8592,129.9388
"2016-06-20",146.9501,132.8975,129.9664
"2016-06-21",146.9187,132.9102,129.9786
"2016-06-22",146.992,132.9229,129.9908
"2016-06-23",147.0394,132.9357,130.003
"2016-06-24",147.1494,132.9484,130.0152
"2016-06-27",147.4155,132.9865,130.0501
"2016-06-28",147.4376,132.9993,130.0623
"2016-06-29",147.385,133.012,130.0745
"2016-06-30",147.5593,133.0247,130.0867
"2016-07-01",147.6451,133.0374,130.0989
"2016-07-04",147.784,133.0739,130.1356
"2016-07-05",147.7085,133.0866,130.1478
"2016-07-06",147.8001,133.0993,130.16
"2016-07-07",147.8865,133.1121,130.1722
"2016-07-08",147.9488,133.1248,130.1844
"2016-07-11",147.9761,133.1615,130.2208
"2016-07-12",147.9462,133.1743,130.2329
"2016-07-13",147.7971,133.187,130.245
"2016-07-14",147.8125,133.1998,130.2571
"2016-07-15",147.877,133.2126,130.2693
"2016-07-18",147.9652,133.2509,130.3011
"2016-07-19",148.0029,133.2636,130.3133
"2016-07-20",148.0928,133.2758,130.3254
"2016-07-21",148.2319,133.2885,130.3376
"2016-07-22",148.3007,133.3013,130.3497
"2016-07-25",148.3368,133.3393,130.3861
"2016-07-26",148.4036,133.352,130.3983
"2016-07-27",148.4357,133.3646,130.4104
"2016-07-28",148.4778,133.3773,130.4216
"2016-07-29",148.4971,133.39,130.4338
"2016-08-01",148.5249,133.428,130.4702
"2016-08-02",148.5266,133.4407,130.4824
"2016-08-03",148.5415,133.4534,130.4946
"2016-08-04",148.6545,133.466,130.5067
"2016-08-05",148.6883,133.4787,130.5189
"2016-08-08",148.7896,133.5167,130.5554
"2016-08-09",148.922,133.5294,130.5674
"2016-08-10",149.1119,133.5421,130.5795
"2016-08-11",149.193,133.5548,130.5915
"2016-08-12",149.3134,133.5674,130.6036
"2016-08-15",149.622,133.6053,130.6397
"2016-08-16",149.6129,133.6179,130.6518
"2016-08-17",149.4929,133.6306,130.6638
"2016-08-18",149.392,133.6428,130.6759
"2016-08-19",149.3831,133.6554,130.688
"2016-08-22",149.4408,133.6896,130.7241
"2016-08-23",149.3455,133.7013,130.7362
"2016-08-24",149.1457,133.7139,130.7482
"2016-08-25",149.1866,133.7265,130.7603
"2016-08-26",149.1422,133.7392,130.7723
"2016-08-29",149.1694,133.7765,130.8085
"2016-08-30",149.0753,133.7892,130.8205
"2016-08-31",149.0624,133.8018,130.8326
"2016-09-01",149.0489,133.8145,130.8446
"2016-09-02",149.1332,133.8271,130.8567
"2016-09-05",149.0882,133.865,130.8929
"2016-09-06",149.0554,133.8776,130.9049
"2016-09-07",149.049,133.8902,130.917
"2016-09-08",149.1189,133.9028,130.929
"2016-09-09",149.144,133.9154,130.9411
"2016-09-12",149.0956,133.9527,130.9772
"2016-09-13",149.147,133.9652,130.9893
"2016-09-14",149.176,133.9776,131.0013
"2016-09-19",149.3181,134.0388,131.0558
"2016-09-20",149.3931,134.0512,131.066
"2016-09-21",149.3637,134.0636,131.0781
"2016-09-22",149.4315,134.076,131.0902
"2016-09-23",149.4497,134.0884,131.1023
"2016-09-26",149.5312,134.1254,131.1386
"2016-09-27",149.5583,134.1378,131.1507
"2016-09-28",149.5445,134.1501,131.1628
"2016-09-29",149.5586,134.1625,131.1749
"2016-09-30",149.5975,134.1748,131.187
"2016-10-10",150.0261,134.2983,131.292
"2016-10-11",150.0627,134.3106,131.3041
"2016-10-12",150.0086,134.323,131.3162
"2016-10-13",150.0858,134.3353,131.3284
"2016-10-14",150.1487,134.3477,131.3405
"2016-10-17",150.3042,134.3847,131.3722
"2016-10-18",150.3445,134.3971,131.3843
"2016-10-19",150.4832,134.4094,131.3963
"2016-10-20",150.6875,134.4218,131.4084
"2016-10-21",150.8744,134.4341,131.4205
"2016-10-24",150.8796,134.4679,131.4567
"2016-10-25",150.8996,134.4803,131.4687
"2016-10-26",150.7306,134.4926,131.4808
"2016-10-27",150.7547,134.5049,131.4929
"2016-10-28",150.8006,134.5173,131.5049
"2016-10-31",150.6905,134.5542,131.5411
"2016-11-01",150.7059,134.5665,131.5532
"2016-11-02",150.6515,134.5788,131.5653
"2016-11-03",150.6696,134.5911,131.5773
"2016-11-04",150.6561,134.6034,131.5894
"2016-11-07",150.6496,134.6403,131.6211
"2016-11-08",150.5546,134.6526,131.6331
"2016-11-09",150.5173,134.6649,131.6451
"2016-11-10",150.433,134.6772,131.6571
"2016-11-11",150.2652,134.6895,131.6691
"2016-11-14",150.0361,134.7263,131.7052
"2016-11-15",150.0151,134.7384,131.7165
"2016-11-16",149.7467,134.7507,131.7286
"2016-11-17",149.6551,134.7626,131.7406
"2016-11-18",149.6044,134.7749,131.7526
"2016-11-21",149.6526,134.8117,131.7886
"2016-11-22",149.6894,134.8239,131.8007
"2016-11-23",149.7537,134.8356,131.8127
"2016-11-24",149.8641,134.8473,131.8247
"2016-11-25",149.7265,134.8596,131.8367
"2016-11-28",149.7876,134.896,131.8728
"2016-11-29",149.6487,134.9082,131.8848
"2016-11-30",149.4908,134.9205,131.8968
"2016-12-01",149.1856,134.9328,131.9088
"2016-12-02",148.9729,134.945,131.9208
"2016-12-05",148.8897,134.9818,131.9569
"2016-12-06",148.4671,134.9941,131.9689
"2016-12-07",148.2033,135.0064,131.9809
"2016-12-08",148.2351,135.0186,131.993
"2016-12-09",148.3778,135.0309,132.005
"2016-12-12",148.2754,135.0682,132.0386
"2016-12-13",148.0462,135.0807,132.0502
"2016-12-14",147.9627,135.0931,132.0618
"2016-12-15",147.1084,135.1056,132.0734
"2016-12-16",147.0195,135.1172,132.085
"2016-12-19",146.9516,135.1543,132.1136
"2016-12-20",146.5589,135.1667,132.1252
"2016-12-21",146.8238,135.1791,132.1368
"2016-12-22",147.2781,135.1914,132.1484
"2016-12-23",147.5549,135.2038,132.16
"2016-12-26",147.9984,135.2409,132.1936
"2016-12-27",148.0769,135.2533,132.2052
"2016-12-28",148.0205,135.2656,132.2168
"2016-12-29",148.1641,135.278,132.2284
"2016-12-30",148.3569,135.2904,132.24
"2017-01-03",148.2562,135.3399,132.2864
"2017-01-04",148.134,135.3522,132.298
"2017-01-05",148.0109,135.3646,132.3096
"2017-01-06",148.0888,135.377,132.3212
"2017-01-09",148.086,135.4141,132.3558
"2017-01-10",148.1619,135.4265,132.3674
"2017-01-11",148.1527,135.4388,132.379
"2017-01-12",147.9324,135.4512,132.3905
"2017-01-13",148.059,135.4636,132.4021
"2017-01-16",148.1236,135.5007,132.4336
"2017-01-17",147.8288,135.513,132.4452
"2017-01-18",147.9489,135.5254,132.4568
"2017-01-19",148.0087,135.5377,132.4683
"2017-01-20",147.9995,135.5501,132.4799
"2017-01-23",148.1251,135.5852,132.5146
"2017-01-24",148.1471,135.5976,132.5261
"2017-01-25",147.824,135.6099,132.5377
"2017-01-26",147.6955,135.6223,132.5492
"2017-02-03",147.9032,135.7212,132.6361
"2017-02-06",147.6676,135.7583,132.6681
"2017-02-07",147.458,135.7706,132.6796
"2017-02-08",147.4282,135.783,132.6912
"2017-02-09",147.7003,135.7954,132.7028
"2017-02-10",147.8422,135.8077,132.7144
"2017-02-13",147.8115,135.8448,132.7491
"2017-02-14",147.7943,135.8572,132.7607
"2017-02-15",147.8108,135.8695,132.7723
"2017-02-16",147.8389,135.8819,132.7838
"2017-02-17",148.0827,135.8943,132.7954
"2017-02-20",148.2828,135.9289,132.8302
"2017-02-21",148.226,135.9413,132.8418
"2017-02-22",148.238,135.9536,132.8534
"2017-02-23",148.2238,135.965,132.865
"2017-02-24",148.3314,135.9774,132.8766
"2017-02-27",148.4352,136.0145,132.9112
"2017-02-28",148.4747,136.0268,132.9228
"2017-03-01",148.3385,136.0392,132.9344
"2017-03-02",148.3055,136.0516,132.9459
"2017-03-03",148.2024,136.0639,132.9575
"2017-03-06",148.2457,136.101,132.9922
"2017-03-07",148.2325,136.1134,133.0038
"2017-03-08",148.2319,136.1257,133.0154
"2017-03-09",147.9562,136.1381,133.027
"2017-03-10",148.0051,136.1505,133.0385
"2017-03-13",148.0175,136.1872,133.0748
"2017-03-14",148.0546,136.1995,133.0869
"2017-03-15",148.1387,136.2117,133.099
"2017-03-16",148.2652,136.2239,133.1111
"2017-03-17",148.2274,136.2362,133.1232
"2017-03-20",148.2914,136.2729,133.1521
"2017-03-21",148.1529,136.2852,133.1643
"2017-03-22",148.1486,136.2974,133.1764
"2017-03-23",148.1753,136.3097,133.1885
"2017-03-24",148.2767,136.3219,133.2007
"2017-03-27",148.4198,136.3586,133.2371
"2017-03-28",148.504,136.3709,133.2492
"2017-03-29",148.5459,136.3831,133.2614
"2017-03-30",148.4541,136.3953,133.2735
"2017-03-31",148.4448,136.4076,133.2856
"2017-04-05",148.5189,136.4688,133.3463
"2017-04-06",148.5021,136.481,133.3585
"2017-04-07",148.4849,136.4933,133.3706
"2017-04-10",148.5177,136.53,133.4032
"2017-04-11",148.4812,136.5422,133.4154
"2017-04-12",148.3739,136.5545,133.4276
"2017-04-13",148.2733,136.5667,133.4397
"2017-04-14",148.2391,136.5789,133.4519
"2017-04-17",148.0199,136.6126,133.4848
"2017-04-18",147.6936,136.6249,133.497
"2017-04-19",147.6582,136.6371,133.5092
"2017-04-20",147.5647,136.6494,133.5213
"2017-04-21",147.4457,136.6616,133.5335
"2017-04-24",147.3236,136.6984,133.5701
"2017-04-25",147.3531,136.7106,133.5823
"2017-04-26",147.3257,136.7229,133.5945
"2017-04-27",147.2947,136.7351,133.6066
"2017-04-28",147.3457,136.7474,133.6188
"2017-05-02",147.4284,136.7964,133.6676
"2017-05-03",147.0793,136.8086,133.679
"2017-05-04",147.0732,136.8209,133.6912
"2017-05-05",146.6582,136.8331,133.7021
"2017-05-08",146.3987,136.8699,133.7388
"2017-05-09",146.2941,136.8822,133.751
"2017-05-10",145.8653,136.8944,133.7633
"2017-05-11",145.6321,136.9067,133.7755
"2017-05-12",145.6477,136.9189,133.7878
"2017-05-15",145.7026,136.9547,133.823
"2017-05-16",145.7041,136.967,133.8352
"2017-05-17",145.5742,136.9786,133.8475
"2017-05-18",145.5583,136.9909,133.8597
"2017-05-19",145.5478,137.0031,133.872
"2017-05-22",145.468,137.0399,133.9087
"2017-05-23",145.4561,137.0521,133.921
"2017-05-24",145.5415,137.0634,133.9332
"2017-05-25",145.6726,137.0756,133.9455
"2017-05-26",145.6002,137.0879,133.9577
"2017-05-31",145.9097,137.1491,134.019
"2017-06-01",146.0263,137.1614,134.0313
"2017-06-02",145.9927,137.1737,134.0435
"2017-06-05",146.1312,137.2104,134.0803
"2017-06-06",146.0915,137.2227,134.0925
"2017-06-07",145.9593,137.2349,134.1048
"2017-06-08",145.8963,137.2472,134.1171
"2017-06-09",145.9273,137.2595,134.1293
"2017-06-12",146.151,137.2958,134.1647
"2017-06-13",146.2718,137.308,134.1768
"2017-06-14",146.3169,137.3201,134.1889
"2017-06-15",146.4175,137.3322,134.201
"2017-06-16",146.3404,137.3444,134.2131
"2017-06-19",146.4871,137.3807,134.2439
"2017-06-20",146.8071,137.3928,134.2561
"2017-06-21",146.9561,137.4049,134.2682
"2017-06-22",146.7863,137.417,134.2804
"2017-06-23",146.6768,137.4292,134.2925
"2017-06-26",146.8493,137.4655,134.3279
"2017-06-27",147.0274,137.4776,134.34
"2017-06-28",147.0953,137.4898,134.3522
"2017-06-29",147.2165,137.502,134.3643
"2017-06-30",147.2032,137.5141,134.3765
"2017-07-03",147.1795,137.5506,134.4129
"2017-07-04",147.08,137.5628,134.4251
"2017-07-05",147.1252,137.5749,134.4372
"2017-07-06",147.3055,137.5871,134.4494
"2017-07-07",147.3061,137.5993,134.4615
"2017-07-10",147.3147,137.6328,134.498
"2017-07-11",147.1874,137.645,134.5102
"2017-07-12",147.1705,137.6572,134.5224
"2017-07-13",147.2703,137.6694,134.5345
"2017-07-14",147.2849,137.6816,134.5467
"2017-07-17",147.3637,137.7181,134.5803
"2017-07-18",147.2446,137.7304,134.5925
"2017-07-19",147.3172,137.7426,134.6047
"2017-07-20",147.3202,137.7548,134.6169
"2017-07-21",147.2775,137.767,134.6291
"2017-07-24",147.2913,137.8038,134.6656
"2017-07-25",147.2905,137.816,134.6778
"2017-07-26",147.1949,137.8283,134.69
"2017-07-27",147.0987,137.8405,134.7022
"2017-07-28",147.0951,137.8528,134.7137
"2017-07-31",147.086,137.8895,134.7503
"2017-08-01",146.9811,137.9018,134.7625
"2017-08-02",146.9994,137.914,134.7747
"2017-08-03",147.0296,137.9263,134.7869
"2017-08-04",147.061,137.9386,134.7982
"2017-08-07",147.0096,137.9753,134.8349
"2017-08-08",146.9863,137.9876,134.8471
"2017-08-09",146.835,137.9998,134.8586
"2017-08-10",146.8345,138.0121,134.8709
"2017-08-11",146.9531,138.0243,134.8831
"2017-08-14",147.0692,138.0612,134.9199
"2017-08-15",147.1162,138.0734,134.9321
"2017-08-16",147.1053,138.0857,134.944
"2017-08-17",147.0531,138.098,134.9563
"2017-08-18",147.151,138.1103,134.9685
"2017-08-21",147.0718,138.1472,135.0053
"2017-08-22",147.0258,138.1595,135.0176
"2017-08-23",147.081,138.17,135.0298
"2017-08-24",147.054,138.1824,135.0421
"2017-08-25",147.0481,138.1947,135.0544
"2017-08-28",146.9801,138.2317,135.0911
"2017-08-29",147.0009,138.2441,135.1034
"2017-08-30",146.9881,138.2564,135.1156
"2017-08-31",147.0684,138.2687,135.1279
"2017-09-01",147.0776,138.2811,135.1402
"2017-09-04",147.0588,138.3181,135.1769
"2017-09-05",147.0683,138.3305,135.1892
"2017-09-06",147.0837,138.3428,135.2015
"2017-09-07",147.1621,138.3551,135.2137
"2017-09-08",147.4011,138.3675,135.226
"2017-09-11",147.5149,138.4051,135.2626
"2017-09-12",147.5103,138.4176,135.2748
"2017-09-13",147.466,138.4302,135.2871
"2017-09-14",147.4559,138.4427,135.2993
"2017-09-15",147.5345,138.4552,135.3115
"2017-09-18",147.5876,138.4929,135.3459
"2017-09-19",147.5145,138.5055,135.3581
"2017-09-20",147.497,138.518,135.3703
"2017-09-21",147.5177,138.5306,135.3826
"2017-09-22",147.528,138.5432,135.3948
"2017-09-25",147.7283,138.5808,135.4315
"2017-09-26",147.7141,138.5934,135.4437
"2017-09-27",147.6089,138.6061,135.456
"2017-09-28",147.5573,138.6187,135.4682
"2017-09-29",147.7041,138.6313,135.4804
"2017-10-09",147.7947,138.7574,135.5922
"2017-10-10",147.7468,138.77,135.6044
"2017-10-11",147.7357,138.7827,135.6167
"2017-10-12",147.6767,138.7953,135.6289
"2017-10-13",147.661,138.8079,135.6412
"2017-10-16",147.5228,138.8457,135.6751
"2017-10-17",147.3376,138.8583,135.6874
"2017-10-18",147.1947,138.8709,135.6997
"2017-10-19",147.2169,138.8836,135.712
"2017-10-20",147.3558,138.8962,135.7243
"2017-10-23",147.3946,138.9307,135.7612
"2017-10-24",147.3631,138.9434,135.7735
"2017-10-25",147.296,138.9561,135.7858
"2017-10-26",147.2497,138.9688,135.7981
"2017-10-27",147.0732,138.9815,135.8104
"2017-10-30",146.7595,139.0197,135.8473
"2017-10-31",146.6423,139.0325,135.8595
"2017-11-01",146.7649,139.0452,135.8718
"2017-11-02",146.7404,139.058,135.8841
"2017-11-03",146.5926,139.0707,135.8958
"2017-11-06",146.6024,139.1089,135.9261
"2017-11-07",146.5709,139.1217,135.9385
"2017-11-08",146.5088,139.1344,135.9509
"2017-11-09",146.6126,139.1472,135.9633
"2017-11-10",146.6113,139.1599,135.9757
"2017-11-13",146.6033,139.1983,136.0129
"2017-11-14",146.4785,139.2111,136.0253
"2017-11-15",146.6062,139.2238,136.0373
"2017-11-16",146.6787,139.2366,136.0497
"2017-11-17",146.753,139.2494,136.0621
"2017-11-20",146.7786,139.2879,136.0993
"2017-11-21",146.7378,139.3007,136.1117
"2017-11-22",146.6481,139.3135,136.1241
"2017-11-23",146.5994,139.3263,136.1365
"2017-11-24",146.6962,139.3381,136.1489
"2017-11-27",146.7811,139.3766,136.1861
"2017-11-28",146.8129,139.3894,136.1985
"2017-11-29",147.0023,139.4023,136.2109
"2017-11-30",147.035,139.4151,136.2233
"2017-12-01",147.078,139.4279,136.2357
"2017-12-04",147.258,139.4664,136.2728
"2017-12-05",147.3683,139.4793,136.2852
"2017-12-06",147.3642,139.4921,136.2976
"2017-12-07",147.3251,139.505,136.31
"2017-12-08",147.2539,139.5178,136.3224
"2017-12-11",147.1352,139.5565,136.3598
"2017-12-12",147.0419,139.5694,136.3723
"2017-12-13",147.0391,139.582,136.3847
"2017-12-14",147.0876,139.5949,136.3972
"2017-12-15",147.2864,139.6078,136.4097
"2017-12-18",147.3966,139.6467,136.4448
"2017-12-19",147.5094,139.6596,136.4573
"2017-12-20",147.4791,139.6726,136.4698
"2017-12-21",147.4525,139.6855,136.4822
"2017-12-22",147.6546,139.6985,136.4947
"2017-12-25",147.5492,139.7373,136.5321
"2017-12-26",147.5456,139.7503,136.5443
"2017-12-27",147.5506,139.7633,136.5568
"2017-12-28",147.5394,139.7763,136.5692
"2017-12-29",147.5164,139.7893,136.5817
"2018-01-02",147.5522,139.8412,136.6316
"2018-01-03",147.5111,139.8542,136.6441
"2018-01-04",147.4398,139.8672,136.6566
"2018-01-05",147.4421,139.8802,136.6691
"2018-01-08",147.6003,139.9192,136.7065
"2018-01-09",147.7093,139.9322,136.719
"2018-01-10",147.7193,139.9452,136.7314
"2018-01-11",147.552,139.9582,136.7439
"2018-01-12",147.5438,139.9711,136.7564
"2018-01-15",147.5117,140.0101,136.7939
"2018-01-16",147.5251,140.0231,136.8055
"2018-01-17",147.5438,140.0361,136.818
"2018-01-18",147.5191,140.0491,136.8306
"2018-01-19",147.5146,140.0621,136.8431
"2018-01-22",147.5555,140.1011,136.8806
"2018-01-23",147.6553,140.1141,136.8932
"2018-01-24",147.7413,140.1271,136.9057
"2018-01-25",147.7641,140.1401,136.9182
"2018-01-26",147.8204,140.1531,136.9307
"2018-01-29",147.8494,140.1923,136.9665
"2018-01-30",147.8158,140.2054,136.979
"2018-01-31",147.877,140.2184,136.9916
"2018-02-01",147.8648,140.2315,137.0041
"2018-02-02",147.8776,140.2445,137.0166
"2018-02-05",147.8894,140.2837,137.0484
"2018-02-06",148.0221,140.2967,137.061
"2018-02-07",148.0772,140.3098,137.0736
"2018-02-08",148.0037,140.3228,137.0862
"2018-02-09",148.0919,140.3359,137.0981
"2018-02-12",148.2018,140.3751,137.1359
"2018-02-13",148.1766,140.3882,137.1485
"2018-02-14",148.249,140.4013,137.1611
"2018-02-22",148.2951,140.499,137.2591
"2018-02-23",148.4138,140.5112,137.2717
"2018-02-26",148.4968,140.5505,137.3095
"2018-02-27",148.8018,140.5636,137.3221
"2018-02-28",148.9138,140.5764,137.3347
"2018-03-01",148.9203,140.5895,137.3473
"2018-03-02",148.8452,140.6026,137.3599
"2018-03-05",148.815,140.6421,137.3978
"2018-03-06",148.8816,140.6552,137.4104
"2018-03-07",148.9056,140.6683,137.423
"2018-03-08",149.0329,140.6815,137.4356
"2018-03-09",149.1128,140.6946,137.4482
"2018-03-12",149.1811,140.7343,137.4861
"2018-03-13",149.2558,140.7476,137.4987
"2018-03-14",149.2018,140.7608,137.5113
"2018-03-15",149.2266,140.7741,137.5239
"2018-03-16",149.1965,140.7873,137.5366
"2018-03-19",149.2534,140.8246,137.5744
"2018-03-20",149.3536,140.8379,137.587
"2018-03-21",149.3603,140.8512,137.5997
"2018-03-22",149.5242,140.8645,137.6123
"2018-03-23",149.6002,140.8778,137.6249
"2018-03-26",149.7843,140.9177,137.6629
"2018-03-27",149.6823,140.931,137.6755
"2018-03-28",149.7963,140.9443,137.6882
"2018-03-29",149.6689,140.9576,137.7008
"2018-03-30",149.6892,140.9709,137.7135
"2018-04-02",149.7816,141.0108,137.7514
"2018-04-03",149.8294,141.0241,137.7641
"2018-04-04",149.8207,141.0374,137.7768
"2018-04-09",150.1594,141.104,137.835
"2018-04-10",150.2101,141.1173,137.8477
"2018-04-11",150.1319,141.1306,137.8604
"2018-04-12",150.293,141.1439,137.873
"2018-04-13",150.4559,141.1572,137.8857
"2018-04-16",150.7391,141.1973,137.9209
"2018-04-17",151.0337,141.2106,137.9336
"2018-04-18",151.5912,141.224,137.9462
"2018-04-19",152.0373,141.2373,137.9589
"2018-04-20",152.1502,141.2507,137.9716
"2018-04-23",152.0746,141.2907,138.0097
"2018-04-24",152.0798,141.3041,138.0224
"2018-04-25",152.1463,141.3174,138.035
"2018-04-26",152.2906,141.3307,138.0477
"2018-04-27",152.1651,141.344,138.0604
"2018-05-02",152.1612,141.4106,138.1196
"2018-05-03",152.2742,141.4239,138.1317
"2018-05-04",152.4147,141.4373,138.1433
"2018-05-07",152.4168,141.4773,138.1788
"2018-05-08",152.2723,141.4907,138.1916
"2018-05-09",152.1807,141.5041,138.2044
"2018-05-10",152.1992,141.5174,138.2172
"2018-05-11",152.2378,141.5308,138.2299
"2018-05-14",152.2945,141.5708,138.2683
"2018-05-15",152.1251,141.5841,138.2807
"2018-05-16",152.1313,141.5974,138.2935
"2018-05-17",152.09,141.6107,138.3063
"2018-05-18",151.9606,141.6241,138.3191
"2018-05-21",151.9312,141.664,138.3574
"2018-05-22",152.2023,141.6774,138.3703
"2018-05-23",152.2233,141.6897,138.3831
"2018-05-24",152.228,141.7031,138.3959
"2018-05-25",152.3469,141.7164,138.4088
"2018-05-28",152.3634,141.7564,138.4473
"2018-05-29",152.4177,141.7698,138.4601
"2018-05-30",152.3611,141.7831,138.4729
"2018-05-31",152.4333,141.7965,138.4858
"2018-06-01",152.3168,141.8098,138.4986
"2018-06-04",152.2564,141.8498,138.5371
"2018-06-05",152.1793,141.8632,138.5499
"2018-06-06",152.1272,141.8765,138.5627
"2018-06-07",152.0694,141.8899,138.5756
"2018-06-08",152.2267,141.9032,138.5884
"2018-06-11",152.1893,141.9418,138.6269
"2018-06-12",152.0507,141.9547,138.6397
"2018-06-13",151.9597,141.9673,138.6525
"2018-06-14",152.0163,141.9802,138.6653
"2018-06-15",152.1209,141.9931,138.6781
"2018-06-19",152.3997,142.0401,138.7294
"2018-06-20",152.3928,142.053,138.7422
"2018-06-21",152.4071,142.0659,138.755
"2018-06-22",152.5263,142.0789,138.7678
"2018-06-25",152.646,142.1177,138.8064
"2018-06-26",152.5557,142.1306,138.8189
"2018-06-27",152.5757,142.1435,138.8318
"2018-06-28",152.7072,142.1565,138.8446
"2018-06-29",152.9196,142.1694,138.8575
"2018-07-02",153.001,142.2082,138.8961
"2018-07-03",153.1164,142.2212,138.9089
"2018-07-04",153.177,142.2341,138.9218
"2018-07-05",153.1305,142.247,138.9346
"2018-07-06",153.4207,142.26,138.9475
"2018-07-09",153.2982,142.2989,138.9861
"2018-07-10",153.2664,142.3119,138.9989
"2018-07-11",153.2795,142.3248,139.0118
"2018-07-12",153.3864,142.3378,139.0247
"2018-07-13",153.5448,142.3508,139.0375
"2018-07-16",153.6385,142.3897,139.0734
"2018-07-17",153.6179,142.4027,139.0863
"2018-07-18",153.624,142.4156,139.0992
"2018-07-19",153.651,142.4286,139.112
"2018-07-20",153.7115,142.4416,139.1249
"2018-07-23",153.7219,142.4805,139.1636
"2018-07-24",153.6783,142.4934,139.1765
"2018-07-25",153.636,142.5064,139.1894
"2018-07-26",153.796,142.5194,139.2023
"2018-07-27",153.8274,142.5324,139.2153
"2018-07-30",153.9568,142.5713,139.2522
"2018-07-31",154.0903,142.5842,139.2652
"2018-08-01",154.3158,142.5972,139.2773
"2018-08-02",154.4261,142.6102,139.2903
"2018-08-03",154.478,142.6231,139.3021
"2018-08-06",154.5234,142.6622,139.3386
"2018-08-07",154.6225,142.6752,139.3515
"2018-08-08",154.546,142.6882,139.3645
"2018-08-09",154.2715,142.7012,139.3768
"2018-08-10",154.1059,142.7142,139.3897
"2018-08-13",153.9975,142.7532,139.4277
"2018-08-14",153.9103,142.7662,139.4406
"2018-08-15",153.9302,142.7792,139.4536
"2018-08-16",153.8914,142.7922,139.4663
"2018-08-17",153.7223,142.8052,139.4794
"2018-08-20",153.603,142.8442,139.5185
"2018-08-21",153.4239,142.8563,139.5316
"2018-08-22",153.2103,142.8679,139.5446
"2018-08-23",153.3059,142.881,139.5577
"2018-08-24",153.4314,142.894,139.5707
"2018-08-27",153.559,142.9331,139.6099
"2018-08-28",153.5044,142.9458,139.623
"2018-08-29",153.5745,142.9588,139.636
"2018-08-30",153.7223,142.9719,139.6491
"2018-08-31",153.771,142.9849,139.6621
"2018-09-03",153.8354,143.0241,139.7013
"2018-09-04",153.7379,143.0371,139.7143
"2018-09-05",153.6873,143.0502,139.7274
"2018-09-06",153.5493,143.0632,139.7405
"2018-09-07",153.4973,143.0762,139.7535
"2018-09-10",153.4134,143.1154,139.7927
"2018-09-11",153.3081,143.1285,139.8057
"2018-09-12",153.1606,143.1415,139.8188
"2018-09-13",153.2108,143.1546,139.8318
"2018-09-14",153.2507,143.1677,139.8449
"2018-09-17",153.3492,143.2042,139.883
"2018-09-18",153.4154,143.2163,139.8957
"2018-09-19",153.3715,143.2285,139.9085
"2018-09-20",153.2836,143.2406,139.9212
"2018-09-21",153.2535,143.2528,139.9339
"2018-09-25",153.3451,143.3001,139.9848
"2018-09-26",153.4168,143.312,139.9976
"2018-09-27",153.559,143.3238,140.0103
"2018-09-28",153.7099,143.3356,140.023
"2018-10-08",153.9162,143.4539,140.1504
"2018-10-09",153.9472,143.4657,140.1631
"2018-10-10",153.9474,143.4776,140.1759
"2018-10-11",154.0492,143.4894,140.1886
"2018-10-12",154.2143,143.5012,140.2014
"2018-10-15",154.275,143.5367,140.2372
"2018-10-16",154.2788,143.5485,140.25
"2018-10-17",154.1995,143.5604,140.2627
"2018-10-18",154.3144,143.5722,140.2755
"2018-10-19",154.5591,143.584,140.2883
"2018-10-22",154.6023,143.6195,140.3266
"2018-10-23",154.5756,143.6314,140.3394
"2018-10-24",154.7214,143.6433,140.3522
"2018-10-25",154.6607,143.6552,140.365
"2018-10-26",154.7103,143.6671,140.3778
"2018-10-29",154.8274,143.7027,140.4162
"2018-10-30",154.9415,143.7146,140.429
"2018-10-31",154.9582,143.7265,140.4418
"2018-11-01",155.0441,143.7384,140.4546
"2018-11-02",154.976,143.7503,140.4666
"2018-11-05",154.996,143.7859,140.498
"2018-11-06",155.0702,143.7978,140.5108
"2018-11-07",155.1676,143.8097,140.5237
"2018-11-08",155.3498,143.8216,140.5365
"2018-11-09",155.4245,143.8335,140.5494
"2018-11-12",155.5423,143.8692,140.588
"2018-11-13",155.6394,143.881,140.6009
"2018-11-14",156.0097,143.8929,140.6137
"2018-11-15",156.0622,143.9048,140.6266
"2018-11-16",156.2283,143.9167,140.6395
"2018-11-19",156.2959,143.949,140.6747
"2018-11-20",156.2223,143.961,140.6876
"2018-11-21",156.1699,143.973,140.7005
"2018-11-22",156.1811,143.9849,140.7133
"2018-11-23",156.1247,143.9969,140.7262
"2018-11-26",156.1956,144.0327,140.7649
"2018-11-27",156.242,144.0447,140.7778
"2018-11-28",156.3182,144.0567,140.7907
"2018-11-29",156.3768,144.0686,140.8036
"2018-11-30",156.3549,144.0806,140.8165
"2018-12-03",156.5723,144.1165,140.8551
"2018-12-04",156.6732,144.1284,140.868
"2018-12-05",156.8466,144.1404,140.8809
"2018-12-06",156.8759,144.1523,140.8938
"2018-12-07",156.8559,144.1643,140.9067
"2018-12-10",157.2337,144.2002,140.9453
"2018-12-11",157.4221,144.2122,140.9582
"2018-12-12",157.4358,144.2242,140.9711
"2018-12-13",157.3036,144.2362,140.984
"2018-12-14",157.1313,144.2482,140.9969
"2018-12-17",157.1958,144.2841,141.0352
"2018-12-18",157.1298,144.296,141.0479
"2018-12-19",157.1274,144.308,141.0607
"2018-12-20",157.2022,144.32,141.0735
"2018-12-21",157.2632,144.3319,141.0862
"2018-12-24",157.1808,144.3678,141.1245
"2018-12-25",157.1765,144.3798,141.1373
"2018-12-26",157.1502,144.3918,141.15
"2018-12-27",157.2063,144.4037,141.1628
"2018-12-28",157.6884,144.4157,141.1755
"2019-01-02",157.9468,144.4755,141.2393
"2019-01-03",158.2121,144.4875,141.2521
"2019-01-04",158.3198,144.4995,141.2648
"2019-01-07",158.3437,144.5354,141.3031
"2019-01-08",158.4344,144.5473,141.3158
"2019-01-09",158.5214,144.5593,141.3286
"2019-01-10",158.4201,144.5713,141.3413
"2019-01-11",158.497,144.5832,141.3541
"2019-01-14",158.5585,144.6192,141.3923
"2019-01-15",158.3678,144.6312,141.4051
"2019-01-16",158.4466,144.6432,141.4178
"2019-01-17",158.6068,144.6552,141.4306
"2019-01-18",158.5377,144.6672,141.4433
"2019-01-21",158.4837,144.7032,141.4816
"2019-01-22",158.5372,144.7152,141.4943
"2019-01-23",158.5842,144.7272,141.5071
"2019-01-24",158.652,144.7392,141.5198
"2019-01-25",158.5347,144.7511,141.5326
"2019-01-28",158.6266,144.7871,141.5692
"2019-01-29",158.603,144.7991,141.5819
"2019-01-30",158.7122,144.8111,141.5947
"2019-01-31",158.8433,144.8231,141.6075
"2019-02-01",158.9347,144.8351,141.6195
"2019-02-11",159.1637,144.955,141.7227
"2019-02-12",159.2365,144.967,141.7355
"2019-02-13",159.303,144.979,141.7483
"2019-02-14",159.2461,144.991,141.7611
"2019-02-15",159.2422,145.003,141.7739
"2019-02-18",159.2587,145.039,141.8089
"2019-02-19",159.1076,145.051,141.8217
"2019-02-20",159.1605,145.063,141.8345
"2019-02-21",159.1536,145.075,141.8473
"2019-02-22",159.0739,145.087,141.8602
"2019-02-25",159.1232,145.123,141.8986
"2019-02-26",158.738,145.1351,141.9115
"2019-02-27",158.6648,145.1471,141.9243
"2019-02-28",158.7635,145.1591,141.9371
"2019-03-01",158.5882,145.1711,141.9499
"2019-03-04",158.6478,145.2072,141.9884
"2019-03-05",158.4933,145.2192,142.0012
"2019-03-06",158.4686,145.2312,142.014
"2019-03-07",158.5088,145.2433,142.0268
"2019-03-08",158.6906,145.2553,142.0397
"2019-03-11",158.7353,145.2917,142.0782
"2019-03-12",158.5636,145.3038,142.091
"2019-03-13",158.5688,145.3159,142.1038
"2019-03-14",158.5511,145.328,142.1166
"2019-03-15",158.5594,145.3402,142.1295
"2019-03-18",158.4978,145.371,142.168
"2019-03-19",158.5929,145.3832,142.1808
"2019-03-20",158.5891,145.3954,142.1936
"2019-03-21",158.736,145.4076,142.2065
"2019-03-22",158.785,145.4198,142.2193
"2019-03-25",158.9532,145.4565,142.2578
"2019-03-26",159.0913,145.4687,142.2706
"2019-03-27",159.1349,145.4809,142.2834
"2019-03-28",159.1827,145.4931,142.2963
"2019-03-29",159.3002,145.5053,142.3091
"2019-04-01",159.2709,145.542,142.3476
"2019-04-02",159.0485,145.5542,142.3604
"2019-04-03",158.6916,145.5664,142.3732
"2019-04-04",158.5656,145.5786,142.3861
"2019-04-08",158.4728,145.6275,142.4374
"2019-04-09",158.2886,145.6397,142.4502
"2019-04-10",157.9383,145.6519,142.463
"2019-04-11",158.1197,145.6641,142.4758
"2019-04-12",158.2338,145.6763,142.4886
"2019-04-15",158.2405,145.7129,142.5271
"2019-04-16",157.9921,145.7252,142.5399
"2019-04-17",158.1078,145.7374,142.5527
"2019-04-18",158.2388,145.7497,142.5655
"2019-04-19",158.3124,145.7619,142.5783
"2019-04-22",158.2656,145.7987,142.6167
"2019-04-23",158.225,145.811,142.6295
"2019-04-24",158.0555,145.8232,142.6423
"2019-04-25",158.1811,145.8355,142.6551
"2019-04-26",158.2463,145.8477,142.6679
"2019-04-29",158.244,145.8845,142.7063
"2019-04-30",158.3028,145.8967,142.7191
"2019-05-06",158.6667,145.9702,142.7761
"2019-05-07",158.6989,145.9825,142.7889
"2019-05-08",158.6931,145.9947,142.8018
"2019-05-09",158.8055,146.007,142.8146
"2019-05-10",158.8556,146.0192,142.8275
"2019-05-13",158.8447,146.056,142.866
"2019-05-14",158.8723,146.0682,142.8788
"2019-05-15",158.9167,146.0805,142.8917
"2019-05-16",159.0105,146.0927,142.9045
"2019-05-17",159.0227,146.105,142.9162
"2019-05-20",159.0972,146.1418,142.9547
"2019-05-21",159.093,146.1541,142.9676
"2019-05-22",159.0534,146.1664,142.9789
"2019-05-23",159.1454,146.1787,142.9918
"2019-05-24",159.2394,146.191,143.0047
"2019-05-27",159.195,146.2278,143.0433
"2019-05-28",158.9531,146.2401,143.0562
"2019-05-29",159.1663,146.2524,143.0691
"2019-05-30",159.2266,146.2647,143.082
"2019-05-31",159.4107,146.277,143.0949
"2019-06-03",159.4429,146.3138,143.1335
"2019-06-04",159.5161,146.3261,143.1464
"2019-06-05",159.6325,146.3384,143.1593
"2019-06-06",159.5855,146.3507,143.1722
"2019-06-10",159.6428,146.3998,143.2237
"2019-06-11",159.4849,146.4121,143.2366
"2019-06-12",159.3596,146.4245,143.2495
"2019-06-13",159.4037,146.4368,143.2624
"2019-06-14",159.4924,146.4491,143.2753
"2019-06-17",159.5487,146.4874,143.3145
"2019-06-18",159.6861,146.5002,143.3275
"2019-06-19",159.6956,146.5129,143.3406
"2019-06-20",159.7765,146.5257,143.3537
"2019-06-21",159.8151,146.5384,143.3667
"2019-06-24",159.8628,146.5692,143.4059
"2019-06-25",159.9062,146.582,143.4189
"2019-06-26",159.9128,146.5949,143.432
"2019-06-27",159.8856,146.6077,143.4451
"2019-06-28",159.9144,146.6205,143.4581
"2019-07-01",160.1902,146.659,143.4973
"2019-07-02",160.1221,146.6719,143.5103
"2019-07-03",160.4086,146.6847,143.5234
"2019-07-04",160.4075,146.6975,143.5365
"2019-07-05",160.3921,146.7104,143.5495
"2019-07-08",160.3625,146.7489,143.5887
"2019-07-09",160.4107,146.7617,143.6017
"2019-07-10",160.4617,146.7745,143.6147
"2019-07-11",160.47,146.7874,143.6278
"2019-07-12",160.5145,146.8002,143.6408
"2019-07-15",160.5561,146.8387,143.68
"2019-07-16",160.5137,146.8515,143.693
"2019-07-17",160.5286,146.8644,143.7061
"2019-07-18",160.5947,146.8772,143.7191
"2019-07-19",160.6953,146.89,143.7322
"2019-07-22",160.7733,146.9285,143.7713
"2019-07-23",160.7891,146.9413,143.7843
"2019-07-24",160.8052,146.9541,143.7974
"2019-07-25",160.7977,146.967,143.8104
"2019-07-26",160.8059,146.9798,143.8235
"2019-07-29",160.843,147.0183,143.8626
"2019-07-30",160.7447,147.0311,143.8756
"2019-07-31",160.8792,147.0439,143.8887
"2019-08-01",160.9483,147.0568,143.901
"2019-08-02",161.1439,147.0696,143.914
"2019-08-05",161.4578,147.1081,143.9475
"2019-08-06",161.5172,147.1209,143.9606
"2019-08-07",161.4113,147.1337,143.9737
"2019-08-08",161.4516,147.1466,143.9868
"2019-08-09",161.479,147.1594,143.9992
"2019-08-12",161.4429,147.1979,144.0384
"2019-08-13",161.6427,147.2107,144.0515
"2019-08-14",161.6353,147.2235,144.0646
"2019-08-15",161.6755,147.2364,144.0777
"2019-08-16",161.5685,147.2492,144.0896
"2019-08-19",161.6057,147.2876,144.1289
"2019-08-20",161.6228,147.3005,144.142
"2019-08-21",161.6004,147.3133,144.1551
"2019-08-22",161.5028,147.3261,144.1682
"2019-08-23",161.5049,147.3389,144.1813
"2019-08-26",161.7096,147.3774,144.2206
"2019-08-27",161.7006,147.3902,144.2337
"2019-08-28",161.6629,147.403,144.2468
"2019-08-29",161.6958,147.4159,144.2599
"2019-08-30",161.675,147.4287,144.273
"2019-09-02",161.6258,147.4671,144.3123
"2019-09-03",161.6333,147.48,144.3254
"2019-09-04",161.5809,147.4928,144.3385
"2019-09-05",161.6744,147.5056,144.3516
"2019-09-06",161.8513,147.5184,144.3647
"2019-09-09",162.0084,147.5569,144.404
"2019-09-10",161.886,147.5697,144.417
"2019-09-11",161.8785,147.5825,144.4301
"2019-09-12",161.8659,147.5953,144.4432
"2019-09-16",161.8331,147.6489,144.4961
"2019-09-17",161.9388,147.6623,144.5093
"2019-09-18",161.9408,147.6756,144.5225
"2019-09-19",161.8705,147.6889,144.5358
"2019-09-20",161.8833,147.7023,144.549
"2019-09-23",161.962,147.7343,144.5886
"2019-09-24",161.9847,147.7478,144.6018
"2019-09-25",162.0076,147.7612,144.615
"2019-09-26",162.1085,147.7746,144.6282
"2019-09-27",162.0104,147.788,144.6414
"2019-09-30",162.0865,147.8283,144.681
"2019-10-08",162.1725,147.9357,144.7867
"2019-10-09",162.2388,147.9491,144.7999
"2019-10-10",162.2065,147.9626,144.8131
"2019-10-11",162.113,147.976,144.8263
"2019-10-14",162.0241,148.0163,144.8659
"2019-10-15",162.0819,148.0297,144.8791
"2019-10-16",162.0533,148.0431,144.8923
"2019-10-17",162.1375,148.0566,144.9055
"2019-10-18",162.1819,148.07,144.9187
"2019-10-21",162.1836,148.1103,144.9583
"2019-10-22",162.0046,148.1236,144.9715
"2019-10-23",161.958,148.1369,144.9847
"2019-10-24",162.0512,148.1502,144.9979
"2019-10-25",162.1308,148.1635,145.0111
"2019-10-28",162.0246,148.2035,145.0506
"2019-10-29",161.9004,148.2168,145.0638
"2019-10-30",161.8449,148.2301,145.077
"2019-10-31",161.7496,148.2435,145.0902
"2019-11-01",161.8736,148.2568,145.1034
"2019-11-04",161.9018,148.2967,145.1363
"2019-11-05",161.8364,148.3101,145.1495
"2019-11-06",161.8555,148.3234,145.1628
"2019-11-07",161.8637,148.3367,145.176
"2019-11-08",161.9166,148.35,145.1892
"2019-11-11",161.9686,148.39,145.2288
"2019-11-12",162.0556,148.4033,145.242
"2019-11-13",162.0648,148.4166,145.2553
"2019-11-14",162.1065,148.4299,145.2685
"2019-11-15",162.0839,148.4433,145.2817
"2019-11-18",162.2476,148.483,145.318
"2019-11-19",162.4103,148.4962,145.3313
"2019-11-20",162.5484,148.5094,145.3445
"2019-11-21",162.6408,148.5227,145.3577
"2019-11-22",162.6643,148.5359,145.3695
"2019-11-25",162.6914,148.5756,145.4026
"2019-11-26",162.609,148.5888,145.4159
"2019-11-27",162.6512,148.6021,145.4291
"2019-11-28",162.7591,148.6153,145.4424
"2019-11-29",162.7603,148.6285,145.4557
"2019-12-02",162.7022,148.6682,145.4955
"2019-12-03",162.6748,148.6815,145.5087
"2019-12-04",162.756,148.6947,145.522
"2019-12-05",162.7916,148.7079,145.5353
"2019-12-06",162.7278,148.7212,145.5485
"2019-12-09",162.7341,148.7609,145.5883
"2019-12-10",162.713,148.7741,145.6016
"2019-12-11",162.7062,148.7873,145.6148
"2019-12-12",162.8231,148.8006,145.6281
"2019-12-13",162.8746,148.8138,145.6413
"2019-12-16",162.9198,148.854,145.682
"2019-12-17",162.8611,148.8674,145.6955
"2019-12-18",162.8337,148.8808,145.709
"2019-12-19",162.8945,148.8942,145.7226
"2019-12-20",162.9571,148.9076,145.7361
"2019-12-23",163.1469,148.9436,145.7766
"2019-12-24",163.3382,148.957,145.7901
"2019-12-25",163.438,148.9705,145.8036
"2019-12-26",163.6289,148.9839,145.8171
"2019-12-27",163.9311,148.9974,145.8306
"2019-12-30",163.936,149.0378,145.8711
"2019-12-31",163.9907,149.0512,145.8847
"2020-01-02",163.9373,149.0781,145.9117
"2020-01-03",163.833,149.0916,145.9252
"2020-01-06",163.841,149.132,145.9657
"2020-01-07",163.8089,149.1454,145.9792
"2020-01-08",163.9501,149.1589,145.9927
"2020-01-09",164.0199,149.1723,146.0062
"2020-01-10",164.1173,149.1858,146.0197
"2020-01-13",164.2033,149.2262,146.0601
"2020-01-14",164.1623,149.2396,146.0736
"2020-01-15",164.1122,149.2531,146.0871
"2020-01-16",164.1163,149.2665,146.1006
"2020-01-17",164.1713,149.28,146.1141
"2020-01-20",164.2591,149.3202,146.1545
"2020-01-21",164.4193,149.3336,146.168
"2020-01-22",164.6517,149.3471,146.1814
"2020-01-23",164.7544,149.3605,146.1949
"2020-02-03",166.0366,149.508,146.3227
"2020-02-04",166.0561,149.5214,146.3362
"2020-02-05",165.9168,149.5348,146.3497
"2020-02-06",165.9077,149.5482,146.3632
"2020-02-07",166.1036,149.5616,146.3767
"2020-02-10",166.3588,149.6019,146.4151
"2020-02-11",166.2741,149.6153,146.4286
"2020-02-12",166.197,149.6287,146.4421
"2020-02-13",166.2331,149.6421,146.4556
"2020-02-14",166.1917,149.6555,146.4691
"2020-02-17",166.1224,149.6956,146.5059
"2020-02-18",166.039,149.709,146.5194
"2020-02-19",166.1038,149.7224,146.533
"2020-02-20",165.9803,149.7357,146.5465
"2020-02-21",166.0592,149.7491,146.56
"2020-02-24",166.2317,149.7892,146.6005
"2020-02-25",166.3395,149.8026,146.614
"2020-02-26",166.3461,149.8159,146.6275
"2020-02-27",166.4555,149.8293,146.641
"2020-02-28",166.7721,149.8427,146.6545
"2020-03-02",166.8189,149.8694,146.6814
"2020-03-03",166.7954,149.8828,146.6949
"2020-03-04",167.0859,149.8961,146.7084
"2020-03-05",167.1852,149.9095,146.7219
"2020-03-06",167.3903,149.9229,146.7354
"2020-03-09",167.6826,149.963,146.7758
"2020-03-10",167.7832,149.9763,146.7893
"2020-03-11",167.5971,149.9897,146.8027
"2020-03-12",167.57,150.0031,146.8162
"2020-03-13",167.3536,150.0165,146.8297
"2020-03-16",167.3247,150.058,146.8705
"2020-03-17",167.188,150.0718,146.8841
"2020-03-18",167.1294,150.0857,146.8977
"2020-03-19",167.1863,150.0995,146.9113
"2020-03-20",167.1233,150.1134,146.9249
"2020-03-23",167.4036,150.1549,146.9656
"2020-03-24",167.8393,150.1688,146.9792
"2020-03-25",167.8459,150.1826,146.9928
"2020-03-26",168.1669,150.1964,147.0064
"2020-03-27",168.296,150.2103,147.0199
"2020-03-30",168.4461,150.2518,147.0607
"2020-03-31",168.5827,150.2657,147.0742
"2020-04-01",168.8347,150.2795,147.0878
"2020-04-02",168.8445,150.2934,147.1014
"2020-04-03",168.9528,150.3072,147.115
"2020-04-07",169.7422,150.3626,147.1691
"2020-04-08",170.5341,150.3764,147.1827
"2020-04-09",171.1323,150.3903,147.1962
"2020-04-10",171.181,150.4041,147.2097
"2020-04-13",170.9735,150.4457,147.2504
"2020-04-14",171.1748,150.459,147.2639
"2020-04-15",171.3225,150.4722,147.2774
"2020-04-16",171.4711,150.4855,147.291
"2020-04-17",171.6222,150.4988,147.3045
"2020-04-20",171.6074,150.5386,147.345
"2020-04-21",171.6326,150.5519,147.3585
"2020-04-22",172.099,150.5652,147.372
"2020-04-23",172.3882,150.5784,147.3855
"2020-04-24",172.5481,150.5917,147.399
"2020-04-27",172.6084,150.6315,147.4395
"2020-04-28",172.7677,150.6448,147.453
"2020-04-29",173.0082,150.6581,147.4665
"2020-04-30",173.1964,150.6714,147.48
"2020-05-06",173.2794,150.751,147.5508
"2020-05-07",172.8668,150.7643,147.5643
"2020-05-08",172.4249,150.7776,147.5778
"2020-05-11",172.2134,150.8174,147.6183
"2020-05-12",171.5962,150.8307,147.6318
"2020-05-13",171.7049,150.8439,147.6453
"2020-05-14",171.702,150.8572,147.6588
"2020-05-15",171.8309,150.8705,147.6722
"2020-05-18",171.7747,150.9087,147.7094
"2020-05-19",171.5837,150.9214,147.7229
"2020-05-20",171.2732,150.9341,147.7364
"2020-05-21",171.1749,150.9469,147.7481
"2020-05-22",171.5248,150.9596,147.7602
"2020-05-25",171.5134,150.9978,147.7942
"2020-05-26",171.2192,151.0105,147.8077
"2020-05-27",170.4021,151.0232,147.8212
"2020-05-28",170.3386,151.0359,147.8347
"2020-05-29",170.5384,151.0487,147.8482
"2020-06-01",170.3099,151.0869,147.8884
"2020-06-02",169.8387,151.0996,147.9018
"2020-06-03",169.1926,151.1123,147.9152
"2020-06-04",168.6327,151.125,147.9286
"2020-06-05",168.266,151.1378,147.942
"2020-06-08",168.4492,151.1759,147.9823
"2020-06-09",168.486,151.1887,147.9956
"2020-06-10",168.3877,151.2014,148.009
"2020-06-11",168.5479,151.2141,148.0223
